city,week,weather,level,pressure,count,date,temperature,quality,humidity
海淀,5.0,1.0,,1011.0,0.0,2023-10-27  12:41:53,19.9,65.0,34.0
海淀,5.0,1.0,,1011.0,6002.0,2023-10-27  13:41:53,19.9,65.0,34.0
海淀,5.0,1.0,,1009.0,10736.0,2023-10-27  14:41:53,22.4,65.0,31.0
海淀,5.0,1.0,,1009.0,15250.0,2023-10-27  15:41:53,22.4,65.0,31.0
海淀,5.0,1.0,,1009.0,21215.0,2023-10-27  16:41:53,22.6,68.0,34.0
海淀,5.0,1.0,,1009.0,50560.0,2023-10-27  17:41:53,19.1,73.0,44.0
海淀,5.0,1.0,,1009.0,56275.0,2023-10-27  18:41:53,19.1,73.0,44.0
海淀,5.0,1.0,,1010.0,61688.0,2023-10-27  19:41:53,12.6,78.0,75.0
海淀,5.0,1.0,,1010.0,67318.0,2023-10-27  20:41:53,12.6,78.0,75.0
海淀,5.0,1.0,,1010.0,91334.0,2023-10-27  21:41:54,10.6,80.0,83.0
海淀,5.0,1.0,,1010.0,95883.0,2023-10-27  22:41:54,10.5,83.0,86.0
海淀,5.0,1.0,,1010.0,100780.0,2023-10-27  23:41:54,11.1,84.0,80.0
海淀,6.0,1.0,,1013.0,0.0,2023-10-28  10:31:43,13.5,69.0,69.0
海淀,6.0,1.0,,1013.0,4098.0,2023-10-28  11:31:43,16.8,79.0,54.0
海淀,6.0,1.0,,1012.0,9908.0,2023-10-28  12:31:43,18.6,92.0,52.0
海淀,6.0,1.0,,1011.0,13565.0,2023-10-28  13:31:43,20.1,96.0,49.0
海淀,6.0,1.0,,1010.0,18369.0,2023-10-28  14:31:43,21.8,105.0,46.0
海淀,6.0,1.0,,1010.0,21986.0,2023-10-28  15:31:43,21.8,105.0,46.0
海淀,6.0,1.0,,1010.0,25834.0,2023-10-28  16:31:43,21.2,110.0,51.0
海淀,6.0,1.0,,1010.0,53642.0,2023-10-28  17:31:43,21.2,110.0,51.0
海淀,6.0,1.0,,1011.0,58530.0,2023-10-28  18:31:43,14.4,131.0,84.0
海淀,6.0,1.0,,1011.0,62285.0,2023-10-28  19:31:43,14.4,131.0,84.0
海淀,6.0,1.0,,1011.0,67559.0,2023-10-28  20:31:43,12.3,155.0,93.0
海淀,6.0,1.0,,1011.0,72200.0,2023-10-28  21:31:43,12.3,155.0,93.0
海淀,7.0,1.0,,1009.0,5840.0,2023-10-29  14:29:56,19.9,194.0,66.0
海淀,7.0,1.0,,1009.0,10057.0,2023-10-29  15:29:56,20.4,198.0,64.0
海淀,7.0,1.0,,1009.0,17157.0,2023-10-29  16:29:56,20.4,198.0,64.0
海淀,7.0,1.0,,1009.0,37279.0,2023-10-29  17:29:56,18.2,194.0,77.0
海淀,7.0,1.0,,1009.0,41031.0,2023-10-29  18:29:56,18.2,194.0,77.0
海淀,7.0,1.0,,1010.0,46247.0,2023-10-29  19:29:56,14.1,196.0,94.0
海淀,7.0,1.0,,1010.0,51120.0,2023-10-29  20:29:56,13.2,205.0,97.0
海淀,7.0,1.0,,1010.0,56688.0,2023-10-29  21:29:56,13.2,205.0,97.0
海淀,7.0,1.0,,1011.0,76598.0,2023-10-29  22:29:56,12.4,211.0,98.0
海淀,7.0,1.0,,1011.0,80490.0,2023-10-29  23:29:56,12.4,211.0,98.0
海淀,7.0,1.0,,1011.0,84678.0,2023-10-30  00:29:56,12.6,206.0,99.0
海淀,1.0,1.0,,1011.0,88343.0,2023-10-30  01:29:56,12.1,200.0,99.0
海淀,1.0,1.0,,1013.0,0.0,2023-10-30  12:51:30,20.8,161.0,46.0
海淀,1.0,1.0,,1011.0,5350.0,2023-10-30  13:51:30,23.2,126.0,40.0
海淀,1.0,1.0,,1011.0,11293.0,2023-10-30  14:51:30,23.2,126.0,40.0
海淀,1.0,1.0,,1010.0,16758.0,2023-10-30  15:51:30,22.9,138.0,42.0
海淀,1.0,1.0,,1010.0,21770.0,2023-10-30  16:51:30,22.9,138.0,42.0
海淀,1.0,3.0,,1010.0,26704.0,2023-10-30  17:51:30,18.9,152.0,63.0
海淀,1.0,3.0,,1010.0,32786.0,2023-10-30  18:51:30,18.9,152.0,63.0
海淀,1.0,1.0,,1011.0,38018.0,2023-10-30  19:51:30,15.6,190.0,84.0
海淀,1.0,1.0,,1011.0,41684.0,2023-10-30  20:51:31,15.6,190.0,84.0
海淀,1.0,1.0,,1012.0,45505.0,2023-10-30  21:51:31,17.5,178.0,81.0
海淀,1.0,1.0,,1012.0,49184.0,2023-10-30  22:51:31,17.5,178.0,81.0
海淀,1.0,3.0,,1011.0,52763.0,2023-10-30  23:51:31,16.9,125.0,77.0
海淀,2.0,3.0,,1011.0,0.0,2023-10-31  09:39:19,15.7,96.0,82.0
海淀,2.0,3.0,,1011.0,5753.0,2023-10-31  10:39:19,15.7,96.0,82.0
海淀,2.0,1.0,,1010.0,10612.0,2023-10-31  11:39:19,18.1,118.0,72.0
海淀,2.0,1.0,,1009.0,15385.0,2023-10-31  12:39:19,19.5,129.0,64.0
海淀,2.0,1.0,,1008.0,22059.0,2023-10-31  13:39:19,21.2,136.0,56.0
海淀,2.0,1.0,,1007.0,28277.0,2023-10-31  14:39:19,21.3,134.0,56.0
海淀,2.0,1.0,,1007.0,32810.0,2023-10-31  15:39:19,21.3,134.0,56.0
海淀,2.0,1.0,,1007.0,38195.0,2023-10-31  16:39:19,21.1,134.0,59.0
海淀,2.0,1.0,,1007.0,44417.0,2023-10-31  17:39:19,18.5,129.0,70.0
海淀,2.0,1.0,,1007.0,74660.0,2023-10-31  18:39:20,18.2,129.0,71.0
海淀,2.0,1.0,,1008.0,81728.0,2023-10-31  19:39:20,15.2,136.0,86.0
海淀,2.0,1.0,,1008.0,86918.0,2023-10-31  20:39:20,13.5,167.0,95.0
海淀,3.0,1.0,,1007.0,0.0,2023-11-01  08:30:20,10.7,146.0,100.0
海淀,3.0,1.0,,1008.0,7008.0,2023-11-01  09:30:20,12.6,136.0,100.0
海淀,3.0,1.0,,1008.0,10981.0,2023-11-01  10:30:20,12.6,136.0,100.0
海淀,3.0,1.0,,1008.0,18132.0,2023-11-01  11:30:20,18.5,164.0,71.0
海淀,3.0,1.0,,1008.0,24533.0,2023-11-01  12:30:20,18.5,164.0,71.0
海淀,3.0,1.0,,1006.0,29843.0,2023-11-01  13:30:20,22.9,181.0,47.0
海淀,3.0,1.0,,1006.0,33840.0,2023-11-01  14:30:20,22.9,181.0,47.0
海淀,3.0,1.0,,1006.0,40169.0,2023-11-01  15:30:20,23.1,185.0,50.0
海淀,3.0,1.0,,1006.0,45633.0,2023-11-01  16:30:20,21.5,196.0,58.0
海淀,3.0,1.0,,1006.0,51206.0,2023-11-01  17:30:20,21.5,196.0,58.0
海淀,3.0,1.0,,1006.0,67855.0,2023-11-01  18:30:21,17.1,202.0,80.0
海淀,3.0,1.0,,1006.0,72261.0,2023-11-01  19:30:21,15.8,202.0,87.0
海淀,4.0,1.0,,1004.0,0.0,2023-11-02  10:07:25,15.1,99.0,82.0
海淀,4.0,1.0,,1004.0,4984.0,2023-11-02  11:07:25,15.1,99.0,82.0
海淀,4.0,1.0,,1003.0,9915.0,2023-11-02  12:07:25,17.9,114.0,69.0
海淀,4.0,1.0,,1003.0,15686.0,2023-11-02  13:07:25,17.9,114.0,69.0
海淀,4.0,1.0,,1002.0,20190.0,2023-11-02  14:07:25,19.9,138.0,61.0
海淀,4.0,5.0,,1001.0,24757.0,2023-11-02  15:07:26,20.3,141.0,60.0
海淀,4.0,5.0,,1002.0,30273.0,2023-11-02  16:07:26,20.0,149.0,63.0
海淀,4.0,5.0,,1003.0,34286.0,2023-11-02  17:07:26,22.9,152.0,16.0
海淀,4.0,5.0,,1003.0,37868.0,2023-11-02  18:07:26,22.9,152.0,16.0
海淀,4.0,1.0,,1006.0,41981.0,2023-11-02  19:07:26,21.7,125.0,14.0
海淀,4.0,1.0,,1006.0,46137.0,2023-11-02  20:07:26,21.7,125.0,14.0
海淀,4.0,1.0,,1009.0,50318.0,2023-11-02  21:07:26,18.8,113.0,23.0
海淀,5.0,3.0,,1014.0,137.0,2023-11-03  12:29:39,16.6,23.0,33.0
海淀,5.0,3.0,,1013.0,5502.0,2023-11-03  13:29:39,16.9,29.0,32.0
海淀,5.0,3.0,,1012.0,10105.0,2023-11-03  14:29:39,17.3,29.0,34.0
海淀,5.0,3.0,,1012.0,14717.0,2023-11-03  15:29:39,17.3,29.0,34.0
海淀,5.0,3.0,,1011.0,20335.0,2023-11-03  16:29:39,16.8,43.0,44.0
海淀,5.0,1.0,,1011.0,26685.0,2023-11-03  17:29:39,15.5,67.0,56.0
海淀,5.0,1.0,,1011.0,32192.0,2023-11-03  18:29:39,15.5,67.0,56.0
海淀,5.0,1.0,,1013.0,36200.0,2023-11-03  19:29:39,13.8,64.0,59.0
海淀,5.0,1.0,,1013.0,40080.0,2023-11-03  20:29:39,13.8,64.0,59.0
海淀,5.0,1.0,,1014.0,44929.0,2023-11-03  21:29:40,12.9,60.0,64.0
海淀,5.0,1.0,,1014.0,50332.0,2023-11-03  22:29:40,12.9,60.0,64.0
海淀,5.0,1.0,,1014.0,54572.0,2023-11-03  23:29:40,12.6,55.0,67.0
海淀,6.0,1.0,,1015.0,0.0,2023-11-04  13:57:26,15.9,68.0,54.0
海淀,6.0,2.0,,1014.0,4113.0,2023-11-04  14:57:26,16.3,72.0,54.0
海淀,6.0,2.0,,1014.0,9228.0,2023-11-04  15:57:26,15.5,72.0,61.0
海淀,6.0,2.0,,1014.0,14587.0,2023-11-04  16:57:26,15.5,72.0,61.0
海淀,6.0,3.0,,1014.0,18849.0,2023-11-04  17:57:26,14.4,78.0,65.0
海淀,6.0,3.0,,1014.0,28196.0,2023-11-04  18:57:27,14.4,78.0,65.0
海淀,6.0,2.0,,1014.0,46036.0,2023-11-04  19:57:27,12.5,76.0,77.0
海淀,6.0,2.0,,1014.0,55579.0,2023-11-04  20:57:27,12.1,75.0,76.0
海淀,6.0,2.0,,1015.0,69347.0,2023-11-04  21:57:27,11.6,76.0,79.0
海淀,6.0,2.0,,1015.0,73531.0,2023-11-04  22:57:27,11.6,76.0,79.0
海淀,6.0,2.0,,1015.0,78630.0,2023-11-04  23:57:27,11.1,78.0,83.0
海淀,7.0,2.0,,1015.0,82714.0,2023-11-05  00:57:27,11.2,78.0,85.0
海淀,7.0,2.0,,1012.0,0.0,2023-11-05  12:34:27,11.2,51.0,95.0
海淀,7.0,4.0,,1010.0,4394.0,2023-11-05  13:34:27,10.7,27.0,95.0
海淀,7.0,4.0,,1010.0,9639.0,2023-11-05  14:34:27,10.7,27.0,95.0
海淀,7.0,2.0,,1009.0,20734.0,2023-11-05  15:34:27,11.0,23.0,95.0
海淀,7.0,2.0,,1009.0,56042.0,2023-11-05  16:34:27,11.0,23.0,95.0
海淀,7.0,3.0,,1009.0,60612.0,2023-11-05  17:34:27,10.6,21.0,93.0
海淀,7.0,3.0,,1010.0,65825.0,2023-11-05  18:34:27,9.7,21.0,64.0
海淀,7.0,3.0,,1010.0,69535.0,2023-11-05  19:34:27,9.7,21.0,64.0
海淀,7.0,3.0,,1010.0,74146.0,2023-11-05  20:34:27,9.3,17.0,46.0
海淀,7.0,3.0,,1010.0,78094.0,2023-11-05  21:34:27,9.3,17.0,46.0
海淀,7.0,1.0,,1010.0,83309.0,2023-11-05  22:34:28,8.4,20.0,29.0
海淀,7.0,2.0,,1010.0,88484.0,2023-11-05  23:34:28,7.2,30.0,28.0
海淀,2.0,1.0,,1017.0,0.0,2023-11-07  11:39:36,5.5,36.0,45.0
海淀,2.0,1.0,,1015.0,6198.0,2023-11-07  12:39:36,8.6,36.0,37.0
海淀,2.0,1.0,,1015.0,10614.0,2023-11-07  13:39:36,8.6,36.0,37.0
海淀,2.0,1.0,,1013.0,15841.0,2023-11-07  14:39:36,11.0,39.0,28.0
海淀,2.0,3.0,,1012.0,20366.0,2023-11-07  15:39:36,11.7,41.0,26.0
海淀,2.0,3.0,,1012.0,25989.0,2023-11-07  16:39:36,11.7,41.0,26.0
海淀,2.0,3.0,,1012.0,31724.0,2023-11-07  17:39:36,8.9,39.0,38.0
海淀,2.0,3.0,,1012.0,37320.0,2023-11-07  18:39:36,8.9,39.0,38.0
海淀,2.0,3.0,,1013.0,41837.0,2023-11-07  19:39:36,5.6,49.0,60.0
海淀,2.0,3.0,,1013.0,47871.0,2023-11-07  20:39:36,5.6,49.0,60.0
海淀,2.0,3.0,,1013.0,52944.0,2023-11-07  21:39:36,4.5,56.0,68.0
海淀,2.0,1.0,,1013.0,56874.0,2023-11-07  22:39:36,2.9,57.0,80.0
海淀,3.0,1.0,,1009.0,0.0,2023-11-08  15:51:20,14.3,53.0,30.0
海淀,3.0,1.0,,1009.0,4540.0,2023-11-08  16:51:20,14.3,53.0,30.0
海淀,3.0,1.0,,1010.0,10620.0,2023-11-08  17:51:20,10.5,55.0,43.0
海淀,3.0,1.0,,1010.0,14819.0,2023-11-08  18:51:20,10.5,55.0,43.0
海淀,3.0,1.0,,1011.0,20310.0,2023-11-08  19:51:20,6.2,58.0,62.0
海淀,3.0,1.0,,1012.0,25662.0,2023-11-08  20:51:20,4.6,68.0,77.0
海淀,3.0,1.0,,1012.0,39226.0,2023-11-08  21:51:20,4.6,68.0,77.0
海淀,3.0,1.0,,1013.0,43125.0,2023-11-08  22:51:21,3.4,74.0,87.0
海淀,3.0,1.0,,1013.0,47422.0,2023-11-08  23:51:21,3.6,73.0,89.0
海淀,4.0,1.0,,1013.0,52324.0,2023-11-09  00:51:21,5.3,71.0,67.0
海淀,4.0,1.0,,1013.0,56726.0,2023-11-09  01:51:21,5.3,71.0,67.0
海淀,4.0,1.0,,1016.0,60398.0,2023-11-09  02:51:21,8.0,54.0,29.0
海淀,4.0,1.0,,1025.0,0.0,2023-11-09  10:41:18,3.8,22.0,23.0
海淀,4.0,1.0,,1024.0,5601.0,2023-11-09  11:41:18,5.8,23.0,17.0
海淀,4.0,1.0,,1024.0,10749.0,2023-11-09  12:41:18,5.8,23.0,17.0
海淀,4.0,1.0,,1023.0,16101.0,2023-11-09  13:41:18,7.5,19.0,16.0
海淀,4.0,1.0,,1022.0,20595.0,2023-11-09  14:41:19,7.6,19.0,13.0
海淀,4.0,1.0,,1022.0,24883.0,2023-11-09  15:41:19,7.6,19.0,13.0
海淀,4.0,1.0,,1023.0,29637.0,2023-11-09  16:41:19,7.1,19.0,12.0
海淀,4.0,1.0,,1024.0,55601.0,2023-11-09  17:41:19,5.2,19.0,14.0
海淀,4.0,1.0,,1024.0,59290.0,2023-11-09  18:41:19,5.2,19.0,14.0
海淀,4.0,1.0,,1026.0,68448.0,2023-11-09  19:41:19,4.0,19.0,19.0
海淀,4.0,1.0,,1026.0,72034.0,2023-11-09  20:41:19,3.6,19.0,17.0
海淀,4.0,1.0,,1028.0,75440.0,2023-11-09  21:41:19,1.7,19.0,22.0
海淀,5.0,3.0,,1032.0,0.0,2023-11-10  11:58:54,2.0,18.0,22.0
海淀,5.0,1.0,,1030.0,4529.0,2023-11-10  12:58:54,4.4,19.0,18.0
海淀,5.0,1.0,,1029.0,9473.0,2023-11-10  13:58:54,5.7,17.0,16.0
海淀,5.0,3.0,,1028.0,14325.0,2023-11-10  14:58:54,5.8,17.0,16.0
海淀,5.0,3.0,,1028.0,18676.0,2023-11-10  15:58:54,5.8,17.0,16.0
海淀,5.0,3.0,,1028.0,22375.0,2023-11-10  16:58:54,4.4,18.0,24.0
海淀,5.0,3.0,,1028.0,26089.0,2023-11-10  17:58:54,4.4,18.0,24.0
海淀,5.0,3.0,,1029.0,58477.0,2023-11-10  18:58:54,2.5,24.0,30.0
海淀,5.0,2.0,,1029.0,63525.0,2023-11-10  19:58:55,2.0,24.0,30.0
海淀,5.0,2.0,,1029.0,67414.0,2023-11-10  20:58:55,2.0,24.0,30.0
海淀,5.0,2.0,,1030.0,71887.0,2023-11-10  21:58:55,0.5,27.0,43.0
海淀,5.0,1.0,,1031.0,77958.0,2023-11-10  22:58:55,1.5,25.0,50.0
海淀,6.0,1.0,,1031.0,0.0,2023-11-11  10:38:51,2.6,19.0,26.0
海淀,6.0,1.0,,1031.0,5140.0,2023-11-11  11:38:51,2.6,19.0,26.0
海淀,6.0,1.0,,1029.0,10197.0,2023-11-11  12:38:52,5.8,20.0,18.0
海淀,6.0,1.0,,1029.0,14952.0,2023-11-11  13:38:52,6.0,20.0,18.0
海淀,6.0,1.0,,1028.0,19433.0,2023-11-11  14:38:52,7.2,20.0,15.0
海淀,6.0,1.0,,1027.0,24941.0,2023-11-11  15:38:52,8.0,19.0,12.0
海淀,6.0,1.0,,1027.0,29273.0,2023-11-11  16:38:52,8.0,19.0,12.0
海淀,6.0,1.0,,1028.0,33526.0,2023-11-11  17:38:52,5.6,20.0,15.0
海淀,6.0,1.0,,1028.0,37685.0,2023-11-11  18:38:52,5.6,20.0,15.0
海淀,6.0,1.0,,1028.0,46489.0,2023-11-11  19:38:52,3.5,21.0,22.0
海淀,6.0,1.0,,1029.0,51161.0,2023-11-11  20:38:52,0.3,28.0,38.0
海淀,6.0,1.0,,1029.0,54628.0,2023-11-11  21:38:52,0.2,29.0,38.0
海淀,7.0,1.0,,1032.0,0.0,2023-11-12  10:57:59,4.0,21.0,19.0
海淀,7.0,1.0,,1032.0,4638.0,2023-11-12  11:57:59,4.0,21.0,19.0
海淀,7.0,1.0,,1031.0,8253.0,2023-11-12  12:57:59,5.7,25.0,17.0
海淀,7.0,1.0,,1030.0,13109.0,2023-11-12  13:57:59,6.6,25.0,16.0
海淀,7.0,1.0,,1030.0,16735.0,2023-11-12  14:57:59,6.6,25.0,16.0
海淀,7.0,1.0,,1030.0,20646.0,2023-11-12  15:57:59,6.8,26.0,17.0
海淀,7.0,1.0,,1030.0,24621.0,2023-11-12  16:58:00,6.8,26.0,17.0
海淀,7.0,1.0,,1031.0,60870.0,2023-11-12  17:58:00,5.1,26.0,22.0
海淀,7.0,1.0,,1032.0,64228.0,2023-11-12  18:58:00,3.9,26.0,26.0
海淀,7.0,1.0,,1032.0,83357.0,2023-11-12  19:58:00,3.9,26.0,26.0
海淀,7.0,1.0,,1032.0,104680.0,2023-11-12  20:58:00,2.5,24.0,31.0
海淀,7.0,1.0,,1033.0,108630.0,2023-11-12  21:58:00,1.6,23.0,33.0
海淀,1.0,1.0,,1030.0,146.0,2023-11-13  08:00:03,4.6,19.0,75.0
海淀,1.0,3.0,,1030.0,4516.0,2023-11-13  09:00:04,0.1,21.0,45.0
海淀,1.0,3.0,,1030.0,15375.0,2023-11-13  10:00:04,0.1,21.0,45.0
海淀,1.0,1.0,,1027.0,0.0,2023-11-13  13:35:24,7.2,33.0,26.0
海淀,1.0,3.0,,1025.0,5056.0,2023-11-13  14:35:24,7.4,36.0,24.0
海淀,1.0,3.0,,1024.0,9197.0,2023-11-13  15:35:25,7.4,35.0,24.0
海淀,2.0,1.0,,1021.0,160.0,2023-11-14  08:00:15,4.2,71.0,90.0
海淀,2.0,1.0,,1022.0,4452.0,2023-11-14  09:00:15,3.8,60.0,90.0
海淀,2.0,1.0,,1022.0,11499.0,2023-11-14  10:00:15,3.8,60.0,90.0
海淀,2.0,1.0,,1021.0,17021.0,2023-11-14  11:00:16,4.7,58.0,41.0
海淀,2.0,1.0,,1021.0,21517.0,2023-11-14  12:00:17,9.5,54.0,24.0
海淀,2.0,1.0,,1021.0,25739.0,2023-11-14  13:00:17,9.5,54.0,24.0
海淀,2.0,1.0,,1019.0,31185.0,2023-11-14  14:00:17,11.2,50.0,22.0
海淀,2.0,1.0,,1018.0,37225.0,2023-11-14  15:00:17,11.9,49.0,21.0
海淀,2.0,1.0,,1018.0,42397.0,2023-11-14  16:00:17,11.6,49.0,22.0
海淀,2.0,1.0,,1018.0,68125.0,2023-11-14  17:00:17,11.6,49.0,22.0
海淀,2.0,1.0,,1018.0,85349.0,2023-11-14  18:00:17,9.5,52.0,27.0
海淀,2.0,1.0,,1018.0,90890.0,2023-11-14  19:00:24,5.8,11.0,42.0
海淀,3.0,1.0,,1021.0,146.0,2023-11-15  08:00:03,2.2,76.0,91.0
海淀,3.0,1.0,,1021.0,4374.0,2023-11-15  09:00:04,2.2,76.0,91.0
海淀,3.0,3.0,,1022.0,13448.0,2023-11-15  10:00:05,3.7,77.0,71.0
海淀,4.0,2.0,,1020.0,0.0,2023-11-16  11:58:04,8.8,19.0,29.0
海淀,4.0,2.0,,1020.0,8322.0,2023-11-16  12:58:04,8.8,19.0,29.0
海淀,4.0,1.0,,1018.0,15164.0,2023-11-16  13:58:04,11.0,20.0,22.0
海淀,4.0,1.0,,1018.0,19889.0,2023-11-16  14:58:04,11.0,20.0,22.0
海淀,4.0,1.0,,1017.0,25298.0,2023-11-16  15:58:04,10.2,22.0,23.0
海淀,4.0,1.0,,1017.0,29898.0,2023-11-16  16:58:04,10.2,20.0,23.0
海淀,4.0,1.0,,1017.0,43363.0,2023-11-16  17:58:04,10.2,20.0,23.0
海淀,4.0,1.0,,1016.0,59833.0,2023-11-16  18:58:04,8.2,22.0,25.0
海淀,4.0,1.0,,1017.0,69023.0,2023-11-16  19:58:04,8.5,26.0,27.0
海淀,4.0,1.0,,1017.0,76506.0,2023-11-16  20:58:04,8.5,26.0,27.0
海淀,4.0,1.0,,1018.0,82388.0,2023-11-16  21:58:04,7.9,35.0,25.0
海淀,4.0,1.0,,1018.0,88003.0,2023-11-16  22:58:04,7.9,35.0,25.0
海淀,5.0,1.0,,1021.0,146.0,2023-11-17  08:00:03,1.0,15.0,25.0
海淀,5.0,1.0,,1021.0,4386.0,2023-11-17  09:00:03,1.0,15.0,25.0
海淀,5.0,1.0,,1021.0,17908.0,2023-11-17  10:00:03,3.7,20.0,23.0
海淀,5.0,1.0,,1021.0,24455.0,2023-11-17  11:00:03,3.7,20.0,23.0
海淀,5.0,1.0,,1021.0,30097.0,2023-11-17  12:00:10,6.8,20.0,19.0
海淀,5.0,1.0,,1019.0,38572.0,2023-11-17  13:00:10,8.7,20.0,15.0
海淀,5.0,1.0,,1019.0,43735.0,2023-11-17  14:00:10,8.7,20.0,15.0
海淀,5.0,1.0,,1018.0,48240.0,2023-11-17  15:00:10,9.5,21.0,14.0
海淀,5.0,1.0,,1018.0,54367.0,2023-11-17  16:00:10,9.5,21.0,14.0
海淀,5.0,1.0,,1019.0,60029.0,2023-11-17  17:00:10,8.3,22.0,15.0
海淀,5.0,1.0,,1019.0,65508.0,2023-11-17  18:00:10,7.9,22.0,15.0
海淀,5.0,1.0,,1020.0,72933.0,2023-11-17  19:00:12,5.5,21.0,21.0
海淀,6.0,1.0,,1016.0,129.0,2023-11-18  12:16:48,8.2,39.0,22.0
海淀,6.0,1.0,,1016.0,5734.0,2023-11-18  13:16:48,8.2,39.0,22.0
海淀,6.0,1.0,,1014.0,25659.0,2023-11-18  14:16:48,10.6,39.0,23.0
海淀,6.0,1.0,,1012.0,32833.0,2023-11-18  15:16:48,11.1,49.0,20.0
海淀,6.0,1.0,,1012.0,37459.0,2023-11-18  16:16:48,11.1,49.0,22.0
海淀,6.0,1.0,,1011.0,43028.0,2023-11-18  17:16:48,8.9,53.0,26.0
海淀,6.0,1.0,,1011.0,50281.0,2023-11-18  18:16:48,8.9,53.0,26.0
海淀,6.0,1.0,,1011.0,54179.0,2023-11-18  19:16:48,3.2,61.0,49.0
海淀,6.0,1.0,,1011.0,60352.0,2023-11-18  20:16:48,3.2,61.0,49.0
海淀,6.0,1.0,,1012.0,65059.0,2023-11-18  21:16:48,1.6,70.0,59.0
海淀,6.0,1.0,,1011.0,70000.0,2023-11-18  22:16:48,0.5,79.0,62.0
海淀,6.0,1.0,,1011.0,74361.0,2023-11-18  23:16:48,0.5,79.0,62.0
海淀,7.0,1.0,,1015.0,0.0,2023-11-19  12:56:12,17.2,60.0,16.0
海淀,7.0,1.0,,1015.0,4972.0,2023-11-19  13:56:12,17.2,60.0,16.0
海淀,7.0,1.0,,1014.0,9340.0,2023-11-19  14:56:12,17.6,49.0,17.0
海淀,7.0,1.0,,1014.0,12934.0,2023-11-19  15:56:12,17.6,49.0,17.0
海淀,7.0,1.0,,1014.0,18324.0,2023-11-19  16:56:12,17.2,44.0,19.0
海淀,7.0,1.0,,1015.0,23455.0,2023-11-19  17:56:12,9.5,43.0,35.0
海淀,7.0,1.0,,1015.0,28976.0,2023-11-19  18:56:12,9.5,43.0,35.0
海淀,7.0,1.0,,1015.0,33060.0,2023-11-19  19:56:12,6.7,56.0,47.0
海淀,7.0,1.0,,1015.0,54877.0,2023-11-19  20:56:13,6.7,56.0,47.0
海淀,7.0,1.0,,1016.0,62392.0,2023-11-19  21:56:13,4.3,63.0,62.0
海淀,7.0,1.0,,1016.0,73335.0,2023-11-19  22:56:13,3.0,67.0,70.0
海淀,7.0,1.0,,1016.0,77205.0,2023-11-19  23:56:13,3.0,67.0,70.0
海淀,1.0,1.0,,1016.0,136.0,2023-11-20  08:00:02,0.7,74.0,73.0
海淀,1.0,1.0,,1017.0,5549.0,2023-11-20  09:00:04,2.8,72.0,66.0
海淀,1.0,1.0,,1017.0,21443.0,2023-11-20  10:00:04,2.8,72.0,66.0
海淀,1.0,1.0,,1016.0,27011.0,2023-11-20  11:00:07,7.2,81.0,47.0
海淀,1.0,1.0,,1016.0,54192.0,2023-11-20  12:00:34,8.5,84.0,44.0
海淀,1.0,1.0,,1014.0,58616.0,2023-11-20  13:00:34,11.2,90.0,36.0
海淀,1.0,1.0,,1014.0,65043.0,2023-11-20  14:00:34,11.2,90.0,36.0
海淀,1.0,1.0,,1012.0,71705.0,2023-11-20  15:00:34,13.3,105.0,35.0
海淀,1.0,1.0,,1012.0,78029.0,2023-11-20  16:00:34,12.8,111.0,38.0
海淀,1.0,1.0,,1012.0,84728.0,2023-11-20  17:00:34,12.8,111.0,38.0
海淀,1.0,1.0,,1012.0,93106.0,2023-11-20  18:00:34,7.6,115.0,56.0
海淀,1.0,1.0,,1012.0,102020.0,2023-11-20  19:00:34,6.1,113.0,65.0
海淀,2.0,5.0,,1010.0,0.0,2023-11-21  13:03:18,10.4,132.0,45.0
海淀,2.0,5.0,,1008.0,16076.0,2023-11-21  14:03:18,12.8,151.0,40.0
海淀,2.0,5.0,,1007.0,25162.0,2023-11-21  15:03:18,13.5,165.0,43.0
海淀,2.0,5.0,,1007.0,34042.0,2023-11-21  16:03:18,13.1,165.0,47.0
海淀,2.0,5.0,,1007.0,43896.0,2023-11-21  17:03:18,11.9,194.0,51.0
海淀,2.0,5.0,,1007.0,54016.0,2023-11-21  18:03:18,7.7,198.0,66.0
海淀,2.0,5.0,,1007.0,61312.0,2023-11-21  19:03:18,7.7,198.0,66.0
海淀,2.0,5.0,,1008.0,69087.0,2023-11-21  20:03:18,4.1,211.0,88.0
海淀,2.0,5.0,,1008.0,78504.0,2023-11-21  21:03:18,4.1,211.0,88.0
海淀,2.0,6.0,,1008.0,95239.0,2023-11-21  22:03:18,5.0,211.0,82.0
海淀,2.0,6.0,,1008.0,103200.0,2023-11-21  23:03:18,5.0,211.0,82.0
海淀,2.0,5.0,,1008.0,115600.0,2023-11-22  00:03:18,5.4,213.0,79.0
海淀,,,,,138.0,,,,
海淀,,,,,0.0,,,,
海淀,,,,,0.0,2023-11-24  11:14:09,,,
海淀,,,,,0.0,2023-11-24  11:15:05,,,
海淀,,3.0,,,136.0,2023-11-26 11:34:42,0.9,160.0,
海淀,,2.0,,,9683.0,2023-11-26 12:34:43,0.5,160.0,
海淀,,2.0,,,16040.0,2023-11-26 13:34:43,0.5,160.0,
海淀,,2.0,,,25171.0,2023-11-26 14:34:44,1.3,160.0,
海淀,,2.0,,,32650.0,2023-11-26 15:34:45,1.4,160.0,
海淀,,2.0,,,41847.0,2023-11-26 16:34:46,1.4,160.0,
海淀,,2.0,,,46728.0,2023-11-26 17:34:47,1.2,160.0,
海淀,,1.0,,,86500.0,2023-11-26 18:34:48,2.0,160.0,
海淀,,1.0,,,94511.0,2023-11-26 19:34:49,2.0,160.0,
海淀,,1.0,,,101150.0,2023-11-26 20:34:50,2.8,160.0,
海淀,,1.0,,,108200.0,2023-11-26 21:34:50,3.8,160.0,
海淀,,1.0,,,115950.0,2023-11-26 22:34:51,3.8,160.0,
海淀,,1.0,,,138.0,2023-11-27 08:00:03,5.1,160.0,
海淀,,1.0,,,11293.0,2023-11-27 09:00:04,4.2,160.0,
海淀,,1.0,,,18702.0,2023-11-27 10:00:05,4.2,160.0,
海淀,,1.0,,,29491.0,2023-11-27 11:00:06,3.3,160.0,
海淀,,1.0,,,37247.0,2023-11-27 12:00:14,9.0,160.0,
海淀,,1.0,,,59946.0,2023-11-27 13:00:23,9.0,160.0,
海淀,,1.0,,,66787.0,2023-11-27 14:00:23,10.6,160.0,
海淀,,3.0,,1016.0,5054.0,2023-11-28 15:02:06,3.0,,25.0
海淀,,3.0,,1016.0,14528.0,2023-11-28 16:02:06,3.0,,26.0
海淀,,1.0,,1012.0,144.0,2023-12-04 09:54:24,3.0,,43.0
海淀,,1.0,,1009.0,146.0,2023-12-05 08:00:02,1.0,,74.0
海淀,,1.0,,1009.0,26289.0,2023-12-05 09:00:03,1.0,,65.0
海淀,,1.0,,1009.0,55602.0,2023-12-05 10:00:03,2.0,,49.0
海淀,,1.0,,1009.0,69521.0,2023-12-05 11:00:04,3.0,,42.0
海淀,,1.0,,1009.0,77346.0,2023-12-05 12:00:10,5.0,,37.0
海淀,,1.0,,1007.0,93888.0,2023-12-05 13:00:11,7.0,,34.0
海淀,,1.0,,1006.0,107620.0,2023-12-05 14:00:12,7.0,,30.0
海淀,,3.0,,1006.0,119880.0,2023-12-05 15:00:12,8.0,,26.0
海淀,,3.0,,1005.0,150570.0,2023-12-05 16:00:14,8.0,,29.0
海淀,,3.0,,1006.0,174270.0,2023-12-05 17:00:15,6.0,,38.0
海淀,,1.0,,1012.0,144.0,2023-12-06 08:00:03,2.0,,30.0
海淀,,1.0,,1012.0,15322.0,2023-12-06 09:00:03,3.0,,29.0
海淀,,1.0,,1012.0,35337.0,2023-12-06 10:00:04,8.0,,22.0
海淀,,1.0,,1011.0,46896.0,2023-12-06 11:00:06,9.0,,20.0
海淀,,1.0,,1010.0,67613.0,2023-12-06 12:00:08,10.0,,19.0
海淀,,1.0,,1009.0,75826.0,2023-12-06 13:00:08,10.0,,17.0
海淀,,1.0,,1008.0,92391.0,2023-12-06 14:00:10,10.0,,18.0
海淀,,1.0,,1007.0,109920.0,2023-12-06 15:00:11,10.0,,18.0
海淀,,1.0,,1006.0,129070.0,2023-12-06 16:00:12,9.0,,20.0
海淀,,1.0,,1006.0,138550.0,2023-12-06 17:00:19,7.0,,27.0
海淀,,1.0,,1006.0,149220.0,2023-12-06 18:00:19,4.0,,37.0
海淀,,1.0,,1006.0,159380.0,2023-12-06 19:00:20,3.0,,44.0
海淀,,3.0,,999.0,136.0,2023-12-08 08:00:02,1.0,,80.0
海淀,,3.0,,1000.0,12647.0,2023-12-08 09:00:03,0.0,,80.0
海淀,,3.0,,1000.0,18131.0,2023-12-08 10:00:04,3.0,,56.0
海淀,,1.0,,1001.0,42519.0,2023-12-08 11:00:05,6.0,,45.0
海淀,,1.0,,1001.0,48526.0,2023-12-08 12:00:12,9.0,,35.0
海淀,,1.0,,999.0,53539.0,2023-12-08 13:00:12,11.0,,31.0
海淀,,1.0,,999.0,57825.0,2023-12-08 14:00:18,13.0,,29.0
海淀,,1.0,,999.0,62065.0,2023-12-08 15:00:19,14.0,,28.0
海淀,,1.0,,999.0,67452.0,2023-12-08 16:00:19,13.0,,31.0
海淀,,1.0,,1000.0,84375.0,2023-12-08 17:00:27,9.0,,39.0
海淀,,1.0,,1001.0,89733.0,2023-12-08 18:00:28,6.0,,48.0
海淀,,1.0,,1002.0,93701.0,2023-12-08 19:00:28,5.0,,55.0
海淀,,3.0,,1015.0,128.0,2023-12-09 08:00:03,1.0,,75.0
海淀,,1.0,,1016.0,4940.0,2023-12-09 09:00:04,1.0,,82.0
海淀,,1.0,,1018.0,9707.0,2023-12-09 10:00:05,5.0,,61.0
海淀,,1.0,,1019.0,17438.0,2023-12-09 11:00:05,6.0,,48.0
海淀,,2.0,,1028.0,136.0,2023-12-10 08:00:02,2.0,,56.0
海淀,,2.0,,1029.0,6355.0,2023-12-10 09:00:03,0.0,,50.0
海淀,,3.0,,1030.0,14350.0,2023-12-10 10:00:03,0.0,,45.0
海淀,,3.0,,1030.0,19681.0,2023-12-10 11:00:04,1.0,,43.0
海淀,,3.0,,1030.0,24812.0,2023-12-10 12:00:10,2.0,,39.0
海淀,,2.0,,1030.0,31285.0,2023-12-10 13:00:10,2.0,,36.0
海淀,,2.0,,1029.0,37120.0,2023-12-10 14:00:11,2.0,,34.0
海淀,,2.0,,1029.0,41670.0,2023-12-10 15:00:11,1.0,,34.0
海淀,,2.0,,1028.0,46809.0,2023-12-10 16:00:12,1.0,,35.0
海淀,,2.0,,1028.0,51768.0,2023-12-10 17:00:14,1.0,,36.0
海淀,,2.0,,1028.0,56781.0,2023-12-10 18:00:14,1.0,,36.0
海淀,,2.0,,1029.0,62262.0,2023-12-10 19:00:15,1.0,,37.0
海淀,,2.0,,1027.0,137.0,2023-12-11 08:00:02,4.0,,91.0
海淀,,2.0,,1028.0,5433.0,2023-12-11 09:00:03,4.0,,89.0
海淀,,2.0,,1027.0,15596.0,2023-12-11 10:00:03,2.0,,85.0
海淀,,2.0,,1027.0,22620.0,2023-12-11 11:00:04,1.0,,79.0
海淀,,2.0,,1027.0,31381.0,2023-12-11 12:00:08,1.0,,75.0
海淀,,2.0,,1027.0,39880.0,2023-12-11 13:00:09,0.0,,69.0
海淀,,2.0,,1025.0,45274.0,2023-12-11 14:00:12,1.0,,80.0
海淀,,2.0,,1025.0,65016.0,2023-12-11 15:00:13,1.0,,81.0
海淀,,2.0,,1024.0,86312.0,2023-12-11 16:00:13,1.0,,78.0
海淀,,2.0,,1024.0,95026.0,2023-12-11 17:00:15,2.0,,83.0
海淀,,2.0,,1024.0,103150.0,2023-12-11 18:00:16,4.0,,89.0
海淀,,3.0,,1025.0,109090.0,2023-12-11 19:00:17,2.0,,87.0
海淀,,2.0,,1024.0,136.0,2023-12-12 08:00:03,2.0,,89.0
海淀,,2.0,,1024.0,5858.0,2023-12-12 09:00:04,2.0,,89.0
海淀,,3.0,,1025.0,18472.0,2023-12-12 10:00:06,2.0,,84.0
海淀,,3.0,,1025.0,23595.0,2023-12-12 11:00:07,2.0,,84.0
海淀,,2.0,,1025.0,29838.0,2023-12-12 12:00:11,2.0,,82.0
海淀,,2.0,,1024.0,37350.0,2023-12-12 13:00:11,2.0,,81.0
海淀,,2.0,,1023.0,56148.0,2023-12-12 14:00:12,2.0,,81.0
海淀,,2.0,,1022.0,62711.0,2023-12-12 15:00:13,2.0,,81.0
海淀,,2.0,,1022.0,68472.0,2023-12-12 16:00:14,2.0,,82.0
海淀,,2.0,,1022.0,75498.0,2023-12-12 17:00:15,2.0,,83.0
海淀,,2.0,,1022.0,81561.0,2023-12-12 18:00:16,2.0,,85.0
海淀,,2.0,,1022.0,88906.0,2023-12-12 19:00:17,2.0,,84.0
海淀,,2.0,,1024.0,144.0,2023-12-13 08:00:02,2.0,,80.0
海淀,,2.0,,1024.0,6965.0,2023-12-13 09:00:03,2.0,,80.0
海淀,,7.0,,1025.0,36141.0,2023-12-13 10:00:05,2.0,,83.0
海淀,,7.0,,1025.0,43520.0,2023-12-13 11:00:06,2.0,,89.0
海淀,,8.0,,1025.0,48119.0,2023-12-13 12:00:11,2.0,,92.0
海淀,,2.0,,1025.0,54412.0,2023-12-13 13:00:12,2.0,,87.0
海淀,,7.0,,1024.0,60690.0,2023-12-13 14:00:16,2.0,,87.0
海淀,,8.0,,1024.0,68993.0,2023-12-13 15:00:17,2.0,,91.0
海淀,,8.0,,1024.0,75173.0,2023-12-13 16:00:17,2.0,,92.0
海淀,,2.0,,1024.0,79966.0,2023-12-13 17:00:18,2.0,,89.0
海淀,,2.0,,1024.0,99834.0,2023-12-13 18:00:18,2.0,,92.0
海淀,,2.0,,1025.0,108070.0,2023-12-13 19:00:19,2.0,,89.0
海淀,,9.0,,1025.0,136.0,2023-12-14 08:00:02,2.0,,91.0
海淀,,8.0,,1025.0,6827.0,2023-12-14 09:00:03,4.0,,91.0
海淀,,8.0,,1026.0,13469.0,2023-12-14 10:00:04,4.0,,93.0
海淀,,7.0,,1026.0,19174.0,2023-12-14 11:00:04,2.0,,95.0
海淀,,2.0,,1026.0,129.0,2023-12-15 08:00:03,6.0,,53.0
海淀,,2.0,,1027.0,5370.0,2023-12-15 09:00:03,6.0,,52.0
海淀,,2.0,,1028.0,10138.0,2023-12-15 10:00:04,6.0,,49.0
海淀,,2.0,,1028.0,40416.0,2023-12-15 11:00:05,6.0,,44.0
海淀,,2.0,,1028.0,46093.0,2023-12-15 12:00:26,6.0,,39.0
海淀,,2.0,,1028.0,51053.0,2023-12-15 13:00:26,6.0,,36.0
海淀,,2.0,,1027.0,56025.0,2023-12-15 14:00:28,6.0,,38.0
海淀,,2.0,,1028.0,62074.0,2023-12-15 15:00:28,7.0,,37.0
海淀,,2.0,,1028.0,68985.0,2023-12-15 16:00:29,7.0,,38.0
海淀,,2.0,,1029.0,74251.0,2023-12-15 17:00:29,7.0,,37.0
海淀,,3.0,,1029.0,81409.0,2023-12-15 18:00:30,7.0,,35.0
海淀,,3.0,,1030.0,87616.0,2023-12-15 19:00:31,7.0,,34.0
海淀,,1.0,1,1032.0,137.0,2023-12-16 08:00:03,13.0,20.0,33.0
海淀,,1.0,1,1033.0,9198.0,2023-12-16 09:00:03,13.0,20.0,30.0
海淀,,1.0,1,1033.0,15666.0,2023-12-16 10:00:07,11.0,19.0,28.0
海淀,,1.0,1,1034.0,21265.0,2023-12-16 11:00:10,10.0,19.0,28.0
海淀,,1.0,1,1033.0,27080.0,2023-12-16 12:00:32,9.0,19.0,29.0
海淀,,1.0,1,1032.0,33042.0,2023-12-16 13:00:32,9.0,19.0,27.0
海淀,,1.0,1,1032.0,41761.0,2023-12-16 14:00:36,8.0,20.0,27.0
海淀,,1.0,1,1032.0,47925.0,2023-12-16 15:00:37,8.0,21.0,27.0
海淀,,1.0,1,1032.0,58516.0,2023-12-16 16:00:38,8.0,21.0,26.0
海淀,,1.0,1,1033.0,63937.0,2023-12-16 17:00:38,9.0,21.0,27.0
海淀,,1.0,1,1033.0,69632.0,2023-12-16 18:00:39,10.0,22.0,28.0
海淀,,1.0,1,1034.0,75177.0,2023-12-16 19:00:40,9.0,21.0,28.0
海淀,,1.0,1,1034.0,140.0,2023-12-17 08:00:03,14.0,20.0,58.0
海淀,,1.0,1,1034.0,7304.0,2023-12-17 09:00:03,14.0,28.0,67.0
海淀,,1.0,1,1034.0,13312.0,2023-12-17 10:00:05,10.0,32.0,39.0
海淀,,1.0,1,1034.0,18958.0,2023-12-17 11:00:06,7.0,34.0,33.0
海淀,,1.0,1,1033.0,25592.0,2023-12-17 12:00:21,7.0,34.0,32.0
海淀,,1.0,1,1032.0,31228.0,2023-12-17 13:00:22,6.0,37.0,29.0
海淀,,1.0,1,1031.0,39179.0,2023-12-17 14:00:23,6.0,37.0,28.0
海淀,,1.0,1,1031.0,44570.0,2023-12-17 15:00:24,6.0,38.0,30.0
海淀,,1.0,1,1030.0,49634.0,2023-12-17 16:00:25,6.0,44.0,31.0
海淀,,1.0,1,1030.0,58448.0,2023-12-17 17:00:26,8.0,41.0,36.0
海淀,,1.0,1,1030.0,64355.0,2023-12-17 18:00:27,8.0,44.0,40.0
海淀,,1.0,2,1031.0,73681.0,2023-12-17 19:00:27,9.0,51.0,40.0
海淀,,1.0,2,1031.0,144.0,2023-12-18 08:00:03,12.0,51.0,73.0
海淀,,1.0,1,1031.0,5875.0,2023-12-18 09:00:04,12.0,46.0,68.0
海淀,,1.0,1,1031.0,12072.0,2023-12-18 10:00:06,11.0,41.0,60.0
海淀,,3.0,1,1031.0,59794.0,2023-12-18 11:00:07,9.0,44.0,55.0
海淀,,1.0,1,1030.0,65926.0,2023-12-18 12:00:12,7.0,50.0,45.0
海淀,,1.0,2,1029.0,72072.0,2023-12-18 13:00:13,6.0,55.0,43.0
海淀,,1.0,2,1027.0,77671.0,2023-12-18 14:00:19,5.0,58.0,41.0
海淀,,1.0,2,1027.0,83111.0,2023-12-18 15:00:19,5.0,70.0,40.0
海淀,,1.0,2,1026.0,88169.0,2023-12-18 16:00:21,5.0,85.0,44.0
海淀,,1.0,2,1026.0,106760.0,2023-12-18 17:00:29,7.0,99.0,49.0
海淀,,1.0,2,1026.0,113170.0,2023-12-18 18:00:29,8.0,97.0,57.0
海淀,,1.0,3,1027.0,117620.0,2023-12-18 19:00:30,9.0,102.0,62.0
海淀,,1.0,1,1030.0,143.0,2023-12-19 08:00:10,9.0,46.0,31.0
海淀,,1.0,1,1031.0,5267.0,2023-12-19 09:00:11,10.0,31.0,32.0
海淀,,1.0,1,1032.0,10901.0,2023-12-19 10:00:12,9.0,23.0,31.0
海淀,,1.0,1,1033.0,16327.0,2023-12-19 11:00:14,8.0,21.0,30.0
海淀,,1.0,1,1033.0,23261.0,2023-12-19 12:00:20,8.0,21.0,29.0
海淀,,1.0,1,1033.0,29217.0,2023-12-19 13:00:20,7.0,23.0,29.0
海淀,,1.0,1,1032.0,37252.0,2023-12-19 14:00:27,7.0,23.0,28.0
海淀,,1.0,1,1032.0,43039.0,2023-12-19 15:00:27,7.0,22.0,28.0
海淀,,1.0,1,1033.0,50085.0,2023-12-19 16:00:30,7.0,22.0,28.0
海淀,,1.0,1,1033.0,81141.0,2023-12-19 17:00:30,8.0,23.0,30.0
海淀,,1.0,1,1034.0,87007.0,2023-12-19 18:00:31,9.0,22.0,32.0
海淀,,1.0,1,1035.0,94535.0,2023-12-19 19:00:32,9.0,22.0,33.0
海淀,,1.0,1,1035.0,146.0,2023-12-20 08:00:02,14.0,17.0,39.0
海淀,,1.0,1,1035.0,5324.0,2023-12-20 09:00:03,12.0,18.0,32.0
海淀,,1.0,1,1035.0,10479.0,2023-12-20 10:00:09,10.0,19.0,27.0
海淀,,1.0,1,1035.0,18258.0,2023-12-20 11:00:11,9.0,20.0,26.0
海淀,,1.0,1,1034.0,22605.0,2023-12-20 12:00:14,8.0,21.0,24.0
海淀,,1.0,1,1033.0,27481.0,2023-12-20 13:00:15,8.0,21.0,24.0
海淀,,1.0,1,1033.0,37628.0,2023-12-20 14:00:15,8.0,22.0,25.0
海淀,,1.0,1,1032.0,44694.0,2023-12-20 15:00:17,9.0,28.0,24.0
海淀,,1.0,1,1032.0,52956.0,2023-12-20 16:00:19,9.0,27.0,24.0
海淀,,1.0,1,1033.0,81389.0,2023-12-20 17:00:21,10.0,30.0,25.0
海淀,,1.0,1,1033.0,89563.0,2023-12-20 18:00:21,11.0,28.0,28.0
海淀,,1.0,1,1034.0,104400.0,2023-12-20 19:00:22,12.0,28.0,26.0
海淀,,1.0,1,1037.0,150.0,2023-12-21 08:00:06,13.0,17.0,39.0
海淀,,1.0,1,1038.0,8776.0,2023-12-21 09:00:11,13.0,21.0,35.0
海淀,,1.0,1,1038.0,14519.0,2023-12-21 10:00:13,12.0,22.0,29.0
海淀,,1.0,1,1038.0,19770.0,2023-12-21 11:00:14,10.0,21.0,28.0
海淀,,1.0,1,1038.0,24935.0,2023-12-21 12:00:15,8.0,23.0,24.0
海淀,,1.0,1,1037.0,32631.0,2023-12-21 13:00:16,7.0,20.0,23.0
海淀,,1.0,1,1036.0,38715.0,2023-12-21 14:00:17,7.0,20.0,23.0
海淀,,1.0,1,1035.0,46936.0,2023-12-21 15:00:18,6.0,20.0,24.0
海淀,,1.0,1,1035.0,61881.0,2023-12-21 16:00:19,6.0,20.0,23.0
海淀,,1.0,1,1035.0,90911.0,2023-12-21 17:00:24,8.0,23.0,26.0
海淀,,1.0,1,1035.0,106930.0,2023-12-21 18:00:25,8.0,25.0,28.0
海淀,,1.0,1,1035.0,113460.0,2023-12-21 19:00:25,11.0,27.0,38.0
海淀,,1.0,2,1031.0,130.0,2023-12-23 08:00:02,10.0,59.0,59.0
海淀,,1.0,2,1032.0,13391.0,2023-12-23 09:00:03,10.0,56.0,72.0
海淀,,3.0,2,1032.0,26975.0,2023-12-23 10:00:05,5.0,56.0,39.0
海淀,,3.0,2,1033.0,39401.0,2023-12-23 11:00:06,3.0,54.0,33.0
海淀,,3.0,2,1030.0,20677.0,2023-12-24 09:15:11,9.0,54.0,70.0
海淀,,3.0,2,1030.0,36282.0,2023-12-24 10:15:11,5.0,57.0,38.0
海淀,,1.0,2,1030.0,51295.0,2023-12-24 11:15:12,2.0,54.0,34.0
海淀,,1.0,2,1029.0,66889.0,2023-12-24 12:15:13,1.0,55.0,31.0
海淀,,1.0,2,1029.0,80408.0,2023-12-24 13:15:14,0.0,54.0,30.0
海淀,,1.0,2,1027.0,94678.0,2023-12-24 14:15:15,1.0,52.0,27.0
海淀,,1.0,2,1026.0,109190.0,2023-12-24 15:15:15,1.0,55.0,28.0
海淀,,1.0,2,1025.0,124480.0,2023-12-24 16:15:16,1.0,55.0,28.0
海淀,,1.0,2,1025.0,139130.0,2023-12-24 17:15:17,2.0,53.0,48.0
海淀,,1.0,2,1025.0,155190.0,2023-12-24 18:15:17,5.0,59.0,56.0
海淀,,1.0,2,1025.0,171450.0,2023-12-24 19:15:18,7.0,60.0,60.0
海淀,,1.0,2,1026.0,185420.0,2023-12-24 20:15:19,8.0,66.0,64.0
海淀,,2.0,2,1025.0,16730.0,2023-12-26 09:15:11,2.0,60.0,57.0
海淀,,3.0,2,1026.0,31420.0,2023-12-26 10:15:12,1.0,59.0,46.0
海淀,,3.0,2,1027.0,43932.0,2023-12-26 11:15:13,3.0,54.0,42.0
海淀,,1.0,2,1027.0,56024.0,2023-12-26 12:15:13,3.0,53.0,38.0
海淀,,1.0,1,1027.0,68239.0,2023-12-26 13:15:14,3.0,49.0,35.0
海淀,,1.0,1,1027.0,80492.0,2023-12-26 14:15:15,4.0,30.0,34.0
海淀,,1.0,1,1027.0,141850.0,2023-12-26 15:15:16,5.0,26.0,26.0
海淀,,1.0,1,1027.0,167550.0,2023-12-26 16:15:16,4.0,23.0,31.0
海淀,,1.0,1,1027.0,7051.0,2023-12-26 17:15:17,3.0,22.0,32.0
海淀,,1.0,1,1028.0,26239.0,2023-12-26 18:15:18,1.0,31.0,51.0
海淀,,1.0,2,1029.0,42278.0,2023-12-26 19:15:18,4.0,53.0,59.0
海淀,,1.0,2,1029.0,56471.0,2023-12-26 20:15:19,5.0,51.0,74.0
海淀,,3.0,2,1029.0,176.0,2023-12-27 08:00:16,8.0,57.0,83.0
海淀,,3.0,2,1029.0,16971.0,2023-12-27 09:00:17,9.0,57.0,88.0
海淀,,1.0,2,1030.0,30554.0,2023-12-27 10:00:20,3.0,56.0,66.0
海淀,,1.0,2,1030.0,45749.0,2023-12-27 11:00:23,1.0,57.0,55.0
海淀,,1.0,2,1029.0,60746.0,2023-12-27 12:00:25,1.0,56.0,50.0
海淀,,1.0,2,1028.0,74825.0,2023-12-27 13:00:26,2.0,55.0,46.0
海淀,,1.0,2,1026.0,88887.0,2023-12-27 14:00:28,2.0,52.0,43.0
海淀,,1.0,1,1026.0,106870.0,2023-12-27 15:00:29,2.0,37.0,35.0
海淀,,1.0,1,1025.0,123280.0,2023-12-27 16:00:30,2.0,30.0,40.0
海淀,,1.0,1,1025.0,155300.0,2023-12-27 17:00:31,1.0,30.0,47.0
海淀,,1.0,1,1025.0,169900.0,2023-12-27 18:00:32,2.0,34.0,61.0
海淀,,1.0,1,1025.0,193860.0,2023-12-27 19:00:32,4.0,38.0,71.0
海淀,,1.0,2,1024.0,141.0,2023-12-28 08:00:03,8.0,53.0,93.0
海淀,,1.0,2,1025.0,16089.0,2023-12-28 09:00:07,8.0,53.0,94.0
海淀,,1.0,2,1025.0,33725.0,2023-12-28 10:00:08,4.0,57.0,95.0
海淀,,1.0,2,1025.0,50133.0,2023-12-28 11:00:10,0.0,67.0,67.0
海淀,,1.0,2,1025.0,65392.0,2023-12-28 12:00:18,3.0,87.0,49.0
海淀,,1.0,2,1024.0,79902.0,2023-12-28 13:00:19,4.0,94.0,43.0
海淀,,1.0,2,1021.0,140.0,2023-12-29 08:00:03,6.0,84.0,89.0
海淀,,1.0,2,1021.0,15000.0,2023-12-29 09:00:04,6.0,85.0,94.0
海淀,,1.0,2,1021.0,31522.0,2023-12-29 10:00:06,4.0,85.0,95.0
海淀,,1.0,2,1021.0,48559.0,2023-12-29 11:00:07,0.0,80.0,63.0
海淀,,1.0,1,1024.0,146.0,2023-12-31 08:00:03,2.0,18.0,49.0
海淀,,1.0,1,1025.0,15822.0,2023-12-31 09:00:03,2.0,18.0,48.0
海淀,,1.0,1,1026.0,30260.0,2023-12-31 10:00:07,1.0,20.0,42.0
海淀,,1.0,1,1027.0,44770.0,2023-12-31 11:00:09,3.0,23.0,36.0
海淀,,1.0,1,1027.0,61372.0,2023-12-31 12:00:12,3.0,25.0,34.0
海淀,,1.0,1,1026.0,76138.0,2023-12-31 13:00:14,4.0,21.0,34.0
海淀,,1.0,1,1026.0,93599.0,2023-12-31 14:00:15,4.0,23.0,34.0
海淀,,1.0,1,1026.0,109040.0,2023-12-31 15:00:16,5.0,24.0,30.0
海淀,,1.0,1,1026.0,122930.0,2023-12-31 16:00:17,5.0,23.0,30.0
海淀,,1.0,1,1026.0,139080.0,2023-12-31 17:00:19,3.0,23.0,36.0
海淀,,1.0,1,1027.0,154690.0,2023-12-31 18:00:22,1.0,28.0,51.0
海淀,,1.0,1,1027.0,168890.0,2023-12-31 19:00:23,2.0,36.0,63.0
海淀,,1.0,2,1024.0,137.0,2024-01-01 08:00:02,7.0,62.0,77.0
海淀,,3.0,2,1024.0,14721.0,2024-01-01 09:00:03,6.0,59.0,78.0
海淀,,3.0,2,1024.0,32223.0,2024-01-01 10:00:06,4.0,62.0,68.0
海淀,,3.0,2,1024.0,50256.0,2024-01-01 11:00:07,1.0,70.0,60.0
海淀,,2.0,3,1018.0,165.0,2024-01-02 08:00:11,6.0,107.0,73.0
海淀,,3.0,2,1019.0,27159.0,2024-01-02 09:00:11,7.0,99.0,94.0
海淀,,3.0,2,1019.0,43603.0,2024-01-02 10:00:12,4.0,98.0,90.0
海淀,,3.0,3,1019.0,60129.0,2024-01-02 11:00:14,1.0,103.0,77.0
海淀,,1.0,1,1019.0,144.0,2024-01-03 08:00:03,0.0,14.0,40.0
海淀,,1.0,1,1020.0,16403.0,2024-01-03 09:00:04,2.0,23.0,47.0
海淀,,1.0,1,1020.0,32412.0,2024-01-03 10:00:11,3.0,23.0,33.0
海淀,,1.0,1,1021.0,48103.0,2024-01-03 11:00:12,4.0,22.0,25.0
海淀,,1.0,1,1020.0,64841.0,2024-01-03 12:00:17,5.0,25.0,27.0
海淀,,1.0,1,1019.0,82268.0,2024-01-03 13:00:18,5.0,29.0,27.0
海淀,,1.0,1,1017.0,98717.0,2024-01-03 14:00:20,5.0,34.0,24.0
海淀,,1.0,1,1016.0,121790.0,2024-01-03 15:00:21,5.0,37.0,26.0
海淀,,1.0,1,1016.0,172270.0,2024-01-03 16:00:22,4.0,39.0,29.0
海淀,,1.0,2,1009.0,148.0,2024-01-04 08:00:02,6.0,80.0,78.0
海淀,,1.0,2,1010.0,17214.0,2024-01-04 09:00:03,5.0,80.0,72.0
海淀,,1.0,2,1010.0,33533.0,2024-01-04 10:00:12,2.0,87.0,64.0
海淀,,1.0,2,1010.0,53705.0,2024-01-04 11:00:13,1.0,97.0,54.0
海淀,,1.0,3,1010.0,99084.0,2024-01-04 12:00:17,3.0,113.0,47.0
海淀,,1.0,3,1009.0,118960.0,2024-01-04 13:00:19,3.0,120.0,44.0
海淀,,1.0,3,1008.0,136380.0,2024-01-04 14:00:20,6.0,115.0,40.0
海淀,,1.0,3,1008.0,167700.0,2024-01-04 15:00:22,7.0,115.0,22.0
海淀,,1.0,2,1008.0,187620.0,2024-01-04 16:00:23,7.0,88.0,16.0
海淀,,1.0,1,1009.0,201600.0,2024-01-04 17:00:26,7.0,42.0,16.0
海淀,,1.0,1,1010.0,220650.0,2024-01-04 18:00:27,7.0,30.0,18.0
海淀,,1.0,1,1012.0,256640.0,2024-01-04 19:00:27,7.0,21.0,20.0
海淀,,1.0,1,1019.0,191.0,2024-01-05 08:00:18,4.0,23.0,62.0
海淀,,1.0,1,1019.0,26979.0,2024-01-05 09:00:20,4.0,39.0,69.0
海淀,,1.0,2,1020.0,44217.0,2024-01-05 10:00:21,3.0,53.0,44.0
海淀,,1.0,2,1020.0,63614.0,2024-01-05 11:00:21,4.0,66.0,39.0
海淀,,1.0,2,1019.0,83952.0,2024-01-05 12:00:37,5.0,89.0,34.0
海淀,,1.0,2,1018.0,105990.0,2024-01-05 13:00:37,5.0,78.0,34.0
海淀,,1.0,2,1017.0,121520.0,2024-01-05 14:00:39,5.0,71.0,35.0
海淀,,1.0,2,1016.0,147910.0,2024-01-05 15:00:39,5.0,57.0,34.0
海淀,,1.0,2,1016.0,165370.0,2024-01-05 16:00:41,4.0,58.0,37.0
海淀,,1.0,2,1016.0,181690.0,2024-01-05 17:00:42,3.0,58.0,42.0
海淀,,1.0,2,1017.0,211880.0,2024-01-05 18:00:43,2.0,58.0,45.0
海淀,,1.0,2,1017.0,237280.0,2024-01-05 19:00:44,2.0,62.0,49.0
海淀,,1.0,1,1024.0,144.0,2024-01-06 08:00:03,2.0,17.0,34.0
海淀,,1.0,1,1025.0,17971.0,2024-01-06 09:00:04,2.0,17.0,34.0
海淀,,1.0,1,1025.0,39222.0,2024-01-06 10:00:05,1.0,17.0,31.0
海淀,,1.0,1,1026.0,58858.0,2024-01-06 11:00:08,1.0,17.0,28.0
海淀,,1.0,1,1026.0,91895.0,2024-01-06 12:00:11,1.0,18.0,27.0
海淀,,1.0,1,1025.0,108850.0,2024-01-06 13:00:13,2.0,18.0,26.0
海淀,,1.0,1,1024.0,137410.0,2024-01-06 14:00:15,3.0,18.0,25.0
海淀,,1.0,1,1024.0,158160.0,2024-01-06 15:00:16,3.0,18.0,24.0
海淀,,1.0,1,1024.0,176110.0,2024-01-06 16:00:17,3.0,18.0,26.0
海淀,,1.0,1,1024.0,192580.0,2024-01-06 17:00:19,2.0,18.0,27.0
海淀,,1.0,1,1025.0,213730.0,2024-01-06 18:00:20,0.0,17.0,31.0
海淀,,1.0,1,1026.0,232710.0,2024-01-06 19:00:20,1.0,17.0,32.0
海淀,,1.0,1,1028.0,142.0,2024-01-07 08:00:03,9.0,17.0,57.0
海淀,,1.0,1,1029.0,18760.0,2024-01-07 09:00:03,8.0,20.0,64.0
海淀,,1.0,1,1029.0,36144.0,2024-01-07 10:00:05,4.0,25.0,37.0
海淀,,1.0,1,1029.0,62404.0,2024-01-07 11:00:06,2.0,31.0,31.0
海淀,,1.0,1,1029.0,83124.0,2024-01-07 12:00:15,1.0,27.0,29.0
海淀,,1.0,1,1028.0,99651.0,2024-01-07 13:00:16,1.0,29.0,28.0
海淀,,1.0,1,1026.0,137060.0,2024-01-07 14:00:17,1.0,31.0,27.0
海淀,,1.0,1,1025.0,153680.0,2024-01-07 15:00:18,1.0,34.0,28.0
海淀,,1.0,1,1025.0,170210.0,2024-01-07 16:00:19,1.0,37.0,33.0
海淀,,1.0,1,1024.0,185970.0,2024-01-07 17:00:20,1.0,39.0,35.0
海淀,,1.0,1,1024.0,202720.0,2024-01-07 18:00:21,2.0,40.0,42.0
海淀,,1.0,1,1024.0,217520.0,2024-01-07 19:00:22,2.0,44.0,42.0
海淀,,2.0,2,1018.0,19317.0,2024-01-09 09:15:11,0.0,65.0,53.0
海淀,,2.0,2,1019.0,37243.0,2024-01-09 10:15:11,1.0,64.0,49.0
海淀,,2.0,2,1020.0,70143.0,2024-01-09 11:15:12,3.0,62.0,40.0
海淀,,1.0,2,1020.0,88975.0,2024-01-09 12:15:13,4.0,53.0,29.0
海淀,,1.0,1,1020.0,107350.0,2024-01-09 13:15:13,5.0,44.0,25.0
海淀,,1.0,1,1019.0,120740.0,2024-01-09 14:15:14,5.0,32.0,24.0
海淀,,1.0,1,1019.0,151140.0,2024-01-09 15:15:15,5.0,29.0,24.0
海淀,,1.0,1,1019.0,169370.0,2024-01-09 16:15:15,5.0,26.0,24.0
海淀,,1.0,1,1019.0,192980.0,2024-01-09 17:15:16,5.0,23.0,28.0
海淀,,1.0,1,1020.0,209350.0,2024-01-09 18:15:18,3.0,26.0,36.0
海淀,,1.0,1,1021.0,240880.0,2024-01-09 19:15:18,2.0,38.0,38.0
海淀,,1.0,1,1022.0,262990.0,2024-01-09 20:15:19,1.0,44.0,36.0
海淀,,1.0,2,1011.0,185.0,2024-01-11 08:00:10,6.0,74.0,87.0
海淀,,1.0,2,1011.0,18379.0,2024-01-11 09:00:12,6.0,67.0,87.0
海淀,,1.0,2,1011.0,35333.0,2024-01-11 10:00:13,1.0,69.0,70.0
海淀,,1.0,2,1011.0,51656.0,2024-01-11 11:00:14,3.0,75.0,52.0
海淀,,1.0,2,1011.0,93250.0,2024-01-11 12:00:19,6.0,83.0,37.0
海淀,,1.0,2,1010.0,112220.0,2024-01-11 13:00:20,8.0,90.0,33.0
海淀,,1.0,2,1009.0,132360.0,2024-01-11 14:00:23,10.0,82.0,28.0
海淀,,1.0,2,1009.0,148300.0,2024-01-11 15:00:24,9.0,88.0,35.0
海淀,,1.0,3,1009.0,163630.0,2024-01-11 16:00:25,8.0,104.0,36.0
海淀,,1.0,3,1010.0,179980.0,2024-01-11 17:00:26,6.0,105.0,42.0
海淀,,1.0,3,1011.0,195600.0,2024-01-11 18:00:27,3.0,103.0,56.0
海淀,,1.0,3,1012.0,211240.0,2024-01-11 19:00:28,1.0,104.0,65.0
海淀,,1.0,2,1016.0,144.0,2024-01-12 08:00:03,4.0,77.0,78.0
海淀,,1.0,2,1016.0,19682.0,2024-01-12 09:00:04,2.0,83.0,71.0
海淀,,1.0,2,1016.0,35656.0,2024-01-12 10:00:06,0.0,100.0,63.0
海淀,,1.0,3,1016.0,54052.0,2024-01-12 11:00:08,2.0,113.0,55.0
海淀,,1.0,3,1016.0,101160.0,2024-01-12 12:00:11,3.0,124.0,48.0
海淀,,1.0,3,1015.0,121310.0,2024-01-12 13:00:11,5.0,135.0,43.0
海淀,,1.0,3,1014.0,137910.0,2024-01-12 14:00:14,6.0,130.0,39.0
海淀,,1.0,3,1013.0,154390.0,2024-01-12 15:00:15,6.0,134.0,39.0
海淀,,1.0,3,1014.0,168860.0,2024-01-12 16:00:15,6.0,129.0,44.0
海淀,,1.0,3,1014.0,185020.0,2024-01-12 17:00:29,4.0,128.0,49.0
海淀,,1.0,3,1015.0,200330.0,2024-01-12 18:00:30,3.0,142.0,56.0
海淀,,1.0,3,1016.0,215660.0,2024-01-12 19:00:31,1.0,145.0,66.0
海淀,,3.0,2,1026.0,141.0,2024-01-16 08:00:03,5.0,52.0,67.0
海淀,,3.0,2,1027.0,15639.0,2024-01-16 09:00:03,5.0,54.0,63.0
海淀,,3.0,2,1027.0,31567.0,2024-01-16 10:00:07,4.0,55.0,52.0
海淀,,1.0,2,1027.0,47346.0,2024-01-16 11:00:10,0.0,58.0,44.0
海淀,,1.0,2,1026.0,79648.0,2024-01-16 13:15:20,2.0,73.0,37.0
海淀,,1.0,2,1025.0,89591.0,2024-01-16 14:15:21,2.0,73.0,38.0
海淀,,1.0,2,1024.0,101050.0,2024-01-16 15:15:22,3.0,74.0,38.0
海淀,,3.0,2,1023.0,112990.0,2024-01-16 16:15:23,3.0,77.0,38.0
海淀,,3.0,2,1023.0,126910.0,2024-01-16 17:15:23,2.0,85.0,45.0
海淀,,2.0,2,1023.0,141150.0,2024-01-16 18:15:24,1.0,95.0,61.0
海淀,,3.0,3,1024.0,155790.0,2024-01-16 19:15:25,1.0,107.0,64.0
海淀,,2.0,3,1024.0,172630.0,2024-01-16 20:15:25,2.0,123.0,74.0
海淀,,2.0,3,1020.0,23093.0,2024-01-17 09:15:11,0.0,123.0,66.0
海淀,,2.0,3,1020.0,38515.0,2024-01-17 10:15:12,0.0,122.0,62.0
海淀,,2.0,3,1021.0,57506.0,2024-01-17 11:15:13,1.0,128.0,56.0
海淀,,2.0,3,1020.0,115610.0,2024-01-17 12:15:13,2.0,125.0,52.0
海淀,,2.0,3,1019.0,131060.0,2024-01-17 13:15:14,3.0,122.0,53.0
海淀,,2.0,3,1018.0,147890.0,2024-01-17 14:15:15,3.0,119.0,52.0
海淀,,2.0,3,1017.0,163100.0,2024-01-17 15:15:15,3.0,123.0,49.0
海淀,,2.0,3,1017.0,180100.0,2024-01-17 16:15:16,3.0,124.0,47.0
海淀,,2.0,3,1017.0,197480.0,2024-01-17 17:15:17,3.0,120.0,46.0
海淀,,2.0,3,1018.0,215110.0,2024-01-17 18:15:17,1.0,118.0,57.0
海淀,,3.0,3,1019.0,234270.0,2024-01-17 19:15:18,1.0,120.0,61.0
海淀,,3.0,3,1020.0,260330.0,2024-01-17 20:15:19,1.0,127.0,66.0
海淀,,1.0,3,1027.0,137.0,2024-01-18 08:00:02,6.0,115.0,91.0
海淀,,1.0,3,1027.0,15778.0,2024-01-18 09:00:03,6.0,115.0,93.0
海淀,,1.0,3,1028.0,32864.0,2024-01-18 10:00:05,2.0,120.0,94.0
海淀,,1.0,3,1028.0,50655.0,2024-01-18 11:00:06,0.0,122.0,67.0
海淀,,2.0,2,1029.0,147.0,2024-01-19 08:00:02,1.0,74.0,67.0
海淀,,2.0,2,1030.0,20211.0,2024-01-19 09:00:03,1.0,74.0,67.0
海淀,,2.0,2,1030.0,38403.0,2024-01-19 10:00:13,1.0,65.0,67.0
海淀,,2.0,2,1030.0,58836.0,2024-01-19 11:00:15,0.0,52.0,60.0
海淀,,2.0,2,1030.0,76040.0,2024-01-19 12:00:17,0.0,53.0,52.0
海淀,,2.0,2,1030.0,97749.0,2024-01-19 13:00:17,0.0,56.0,49.0
海淀,,2.0,2,1029.0,117520.0,2024-01-19 14:00:21,0.0,56.0,49.0
海淀,,2.0,2,1028.0,156840.0,2024-01-19 15:00:22,0.0,56.0,51.0
海淀,,2.0,2,1026.0,149.0,2024-01-20 08:00:03,1.0,62.0,44.0
海淀,,2.0,2,1027.0,21023.0,2024-01-20 09:00:04,1.0,60.0,47.0
海淀,,2.0,2,1027.0,38865.0,2024-01-20 10:00:06,1.0,62.0,51.0
海淀,,2.0,2,1028.0,57970.0,2024-01-20 11:00:08,1.0,58.0,50.0
海淀,,2.0,2,1028.0,77855.0,2024-01-20 12:00:12,0.0,55.0,48.0
海淀,,2.0,2,1027.0,95737.0,2024-01-20 13:00:13,0.0,56.0,49.0
海淀,,2.0,2,1026.0,113030.0,2024-01-20 14:00:16,0.0,58.0,47.0
海淀,,3.0,2,1025.0,133180.0,2024-01-20 15:00:16,0.0,63.0,48.0
海淀,,1.0,2,1025.0,158430.0,2024-01-20 16:00:17,0.0,66.0,46.0
海淀,,1.0,2,1026.0,178520.0,2024-01-20 17:00:18,0.0,69.0,49.0
海淀,,1.0,2,1026.0,200650.0,2024-01-20 18:00:19,2.0,68.0,60.0
海淀,,1.0,2,1026.0,221960.0,2024-01-20 19:00:20,1.0,68.0,43.0
海淀,,1.0,1,1035.0,147.0,2024-01-21 08:00:02,10.0,20.0,29.0
海淀,,1.0,1,1036.0,25993.0,2024-01-21 09:00:03,10.0,20.0,29.0
海淀,,1.0,1,1037.0,46307.0,2024-01-21 10:00:08,8.0,20.0,26.0
海淀,,1.0,1,1037.0,66667.0,2024-01-21 11:00:12,8.0,20.0,23.0
海淀,,1.0,1,1037.0,89702.0,2024-01-21 12:00:16,7.0,20.0,22.0
海淀,,1.0,1,1037.0,111000.0,2024-01-21 13:00:17,6.0,23.0,22.0
海淀,,1.0,1,1036.0,132410.0,2024-01-21 14:00:17,6.0,21.0,21.0
海淀,,1.0,1,1036.0,156740.0,2024-01-21 15:00:18,6.0,22.0,22.0
海淀,,1.0,1,1036.0,177150.0,2024-01-21 16:00:19,6.0,21.0,23.0
海淀,,1.0,1,1036.0,204930.0,2024-01-21 17:00:25,7.0,21.0,23.0
海淀,,1.0,1,1037.0,224910.0,2024-01-21 18:00:27,8.0,21.0,25.0
海淀,,1.0,1,1037.0,248430.0,2024-01-21 19:00:27,8.0,21.0,25.0
海淀,,1.0,1,1040.0,138.0,2024-01-22 08:00:03,10.0,19.0,34.0
海淀,,1.0,1,1040.0,19024.0,2024-01-22 09:00:04,10.0,18.0,32.0
海淀,,1.0,1,1040.0,35903.0,2024-01-22 10:00:07,9.0,19.0,29.0
海淀,,1.0,1,1040.0,52653.0,2024-01-22 11:00:08,6.0,21.0,25.0
海淀,,1.0,1,1040.0,70879.0,2024-01-22 12:00:10,5.0,21.0,23.0
海淀,,1.0,1,1039.0,90057.0,2024-01-22 13:00:11,4.0,22.0,21.0
海淀,,1.0,1,1038.0,112830.0,2024-01-22 14:00:14,4.0,23.0,20.0
海淀,,1.0,1,1037.0,135510.0,2024-01-22 15:00:15,4.0,23.0,21.0
海淀,,1.0,1,1037.0,156080.0,2024-01-22 16:00:16,4.0,22.0,21.0
海淀,,1.0,1,1037.0,189460.0,2024-01-22 17:00:17,5.0,22.0,23.0
海淀,,1.0,1,1037.0,227340.0,2024-01-22 18:00:19,6.0,22.0,25.0
海淀,,1.0,1,1038.0,246890.0,2024-01-22 19:00:20,6.0,21.0,26.0
海淀,,1.0,1,1036.0,169.0,2024-01-23 08:00:10,9.0,17.0,30.0
海淀,,1.0,1,1036.0,18999.0,2024-01-23 09:00:11,9.0,16.0,37.0
海淀,,1.0,1,1036.0,39258.0,2024-01-23 10:00:13,6.0,19.0,26.0
海淀,,1.0,1,1035.0,59713.0,2024-01-23 11:00:15,4.0,20.0,21.0
海淀,,1.0,1,1034.0,75976.0,2024-01-23 12:00:16,2.0,21.0,19.0
海淀,,1.0,1,1033.0,94184.0,2024-01-23 13:00:17,1.0,23.0,18.0
海淀,,1.0,1,1032.0,108730.0,2024-01-23 14:00:23,0.0,23.0,17.0
海淀,,1.0,1,1031.0,149010.0,2024-01-23 15:00:24,1.0,23.0,17.0
海淀,,1.0,1,1030.0,166510.0,2024-01-23 16:00:24,1.0,24.0,17.0
海淀,,1.0,1,1030.0,182820.0,2024-01-23 17:00:25,0.0,23.0,19.0
海淀,,1.0,1,1030.0,201660.0,2024-01-23 18:00:26,1.0,22.0,21.0
海淀,,1.0,1,1030.0,217200.0,2024-01-23 19:00:27,2.0,24.0,23.0
海淀,,1.0,1,1031.0,151.0,2024-01-24 08:00:06,5.0,21.0,30.0
海淀,,1.0,1,1031.0,18371.0,2024-01-24 09:00:10,4.0,22.0,28.0
海淀,,1.0,1,1032.0,37403.0,2024-01-24 10:00:11,1.0,25.0,24.0
海淀,,1.0,1,1032.0,55514.0,2024-01-24 11:00:13,1.0,25.0,21.0
海淀,,1.0,1,1031.0,71654.0,2024-01-24 12:00:18,2.0,28.0,19.0
海淀,,1.0,1,1030.0,92943.0,2024-01-24 13:00:19,3.0,29.0,18.0
海淀,,1.0,1,1029.0,112840.0,2024-01-24 14:00:21,3.0,26.0,17.0
海淀,,1.0,1,1028.0,129400.0,2024-01-24 15:00:21,3.0,24.0,16.0
海淀,,1.0,1,1028.0,148220.0,2024-01-24 16:00:22,3.0,25.0,17.0
海淀,,1.0,1,1028.0,163830.0,2024-01-24 17:00:25,3.0,27.0,19.0
海淀,,1.0,1,1028.0,212040.0,2024-01-24 18:00:26,1.0,32.0,26.0
海淀,,2.0,1,1028.0,228770.0,2024-01-24 19:00:27,1.0,43.0,34.0
海淀,,1.0,1,1027.0,261.0,2024-01-25 08:00:31,5.0,36.0,42.0
海淀,,1.0,1,1027.0,18905.0,2024-01-25 09:00:32,5.0,33.0,43.0
海淀,,1.0,1,1028.0,36282.0,2024-01-25 10:00:32,1.0,27.0,25.0
海淀,,1.0,1,1028.0,61451.0,2024-01-25 11:00:33,3.0,25.0,20.0
海淀,,1.0,1,1028.0,76878.0,2024-01-25 12:00:34,4.0,22.0,15.0
海淀,,1.0,1,1027.0,92489.0,2024-01-25 13:00:35,5.0,24.0,14.0
海淀,,1.0,1,1026.0,108920.0,2024-01-25 14:00:36,5.0,25.0,13.0
海淀,,1.0,1,1025.0,125680.0,2024-01-25 15:00:36,5.0,25.0,14.0
海淀,,1.0,1,1025.0,141010.0,2024-01-25 16:00:37,4.0,26.0,14.0
海淀,,1.0,1,1025.0,155600.0,2024-01-25 17:00:38,3.0,30.0,15.0
海淀,,1.0,1,1025.0,179730.0,2024-01-25 18:00:38,3.0,32.0,18.0
海淀,,1.0,1,1026.0,196650.0,2024-01-25 19:00:39,1.0,33.0,22.0
海淀,,1.0,1,1027.0,138.0,2024-01-26 08:00:03,2.0,35.0,31.0
海淀,,1.0,1,1028.0,18036.0,2024-01-26 09:00:03,1.0,39.0,28.0
海淀,,1.0,1,1028.0,36263.0,2024-01-26 10:00:06,2.0,40.0,22.0
海淀,,1.0,1,1028.0,54198.0,2024-01-26 11:00:08,3.0,43.0,21.0
海淀,,1.0,1,1027.0,70720.0,2024-01-26 12:00:15,3.0,45.0,19.0
海淀,,1.0,1,1026.0,87566.0,2024-01-26 13:00:17,4.0,46.0,17.0
海淀,,1.0,1,1026.0,102390.0,2024-01-26 14:00:17,4.0,45.0,15.0
海淀,,1.0,1,1025.0,118000.0,2024-01-26 15:00:18,6.0,44.0,14.0
海淀,,1.0,1,1025.0,134170.0,2024-01-26 16:00:21,5.0,40.0,14.0
海淀,,1.0,1,1025.0,153910.0,2024-01-26 17:00:24,4.0,36.0,16.0
海淀,,1.0,1,1025.0,170500.0,2024-01-26 18:00:25,2.0,36.0,22.0
海淀,,1.0,1,1025.0,188980.0,2024-01-26 19:00:26,1.0,47.0,32.0
海淀,,1.0,1,1027.0,131.0,2024-01-27 08:00:03,6.0,32.0,55.0
海淀,,1.0,1,1028.0,21358.0,2024-01-27 09:00:03,5.0,35.0,39.0
海淀,,1.0,1,1028.0,48320.0,2024-01-27 10:00:04,2.0,34.0,31.0
海淀,,2.0,3,1022.0,144.0,2024-01-30 08:00:02,4.0,113.0,80.0
海淀,,2.0,3,1022.0,3404.0,2024-01-30 09:00:03,4.0,124.0,79.0
海淀,,2.0,3,1022.0,6145.0,2024-01-30 10:00:04,4.0,129.0,78.0
海淀,,2.0,3,1021.0,9931.0,2024-01-30 11:00:05,2.0,133.0,78.0
海淀,,2.0,3,1021.0,12855.0,2024-01-30 12:00:09,2.0,133.0,76.0
海淀,,2.0,3,1020.0,14843.0,2024-01-30 13:00:10,2.0,130.0,75.0
海淀,,2.0,3,1019.0,17285.0,2024-01-30 14:00:15,1.0,134.0,73.0
海淀,,3.0,3,1018.0,20095.0,2024-01-30 15:00:18,1.0,139.0,64.0
海淀,,3.0,3,1018.0,22541.0,2024-01-30 16:00:19,0.0,147.0,63.0
海淀,,3.0,3,1018.0,28420.0,2024-01-30 17:00:26,0.0,147.0,65.0
海淀,,5.0,3,1018.0,30658.0,2024-01-30 18:00:27,2.0,145.0,71.0
海淀,,5.0,3,1018.0,35262.0,2024-01-30 19:00:28,2.0,144.0,78.0
海淀,,3.0,2,1025.0,6975.0,2024-01-31 09:15:17,2.0,55.0,39.0
海淀,,3.0,1,1026.0,8481.0,2024-01-31 10:15:18,1.0,37.0,35.0
海淀,,3.0,1,1027.0,9690.0,2024-01-31 11:15:19,0.0,31.0,31.0
海淀,,3.0,1,1027.0,15517.0,2024-01-31 12:15:19,1.0,30.0,29.0
海淀,,3.0,1,1027.0,20028.0,2024-01-31 13:15:20,1.0,29.0,29.0
海淀,,3.0,1,1026.0,23816.0,2024-01-31 14:15:21,1.0,30.0,27.0
海淀,,3.0,1,1025.0,27854.0,2024-01-31 15:15:21,1.0,29.0,26.0
海淀,,3.0,1,1025.0,31348.0,2024-01-31 16:15:22,1.0,28.0,25.0
海淀,,3.0,1,1026.0,35755.0,2024-01-31 17:15:23,1.0,28.0,26.0
海淀,,2.0,1,1026.0,38699.0,2024-01-31 18:15:23,1.0,27.0,26.0
海淀,,2.0,1,1027.0,41561.0,2024-01-31 19:15:24,0.0,26.0,27.0
海淀,,2.0,1,1028.0,44448.0,2024-01-31 20:15:25,1.0,23.0,30.0
海淀,,2.0,1,1033.0,145.0,2024-02-01 08:00:06,6.0,19.0,26.0
海淀,,2.0,1,1034.0,3547.0,2024-02-01 09:00:08,6.0,19.0,25.0
海淀,,3.0,1,1034.0,5627.0,2024-02-01 10:00:10,5.0,17.0,21.0
海淀,,3.0,1,1035.0,11413.0,2024-02-01 11:00:11,5.0,18.0,20.0
海淀,,3.0,1,1034.0,14384.0,2024-02-01 12:00:12,2.0,18.0,17.0
海淀,,3.0,1,1034.0,20620.0,2024-02-01 13:00:13,2.0,18.0,17.0
海淀,,2.0,1,1033.0,24585.0,2024-02-01 14:00:17,2.0,20.0,18.0
海淀,,3.0,1,1032.0,28267.0,2024-02-01 15:00:18,1.0,20.0,18.0
海淀,,3.0,1,1031.0,33996.0,2024-02-01 16:00:26,1.0,19.0,18.0
海淀,,3.0,1,1031.0,36768.0,2024-02-01 17:00:26,1.0,18.0,20.0
海淀,,3.0,1,1030.0,39618.0,2024-02-01 18:00:27,4.0,21.0,27.0
海淀,,1.0,1,1030.0,43115.0,2024-02-01 19:00:28,4.0,34.0,37.0
海淀,,3.0,1,1029.0,144.0,2024-02-02 08:00:04,7.0,24.0,41.0
海淀,,3.0,1,1029.0,3504.0,2024-02-02 09:00:05,7.0,20.0,33.0
海淀,,3.0,1,1030.0,9697.0,2024-02-02 10:00:12,5.0,20.0,32.0
海淀,,1.0,1,1030.0,11194.0,2024-02-02 11:00:14,4.0,22.0,29.0
海淀,,3.0,1,1030.0,15514.0,2024-02-02 12:00:16,2.0,30.0,28.0
海淀,,3.0,1,1029.0,22516.0,2024-02-02 13:00:16,0.0,38.0,25.0
海淀,,3.0,1,1029.0,24473.0,2024-02-02 14:00:32,0.0,44.0,26.0
海淀,,3.0,2,1028.0,28310.0,2024-02-02 15:00:32,0.0,51.0,27.0
海淀,,3.0,2,1028.0,33153.0,2024-02-02 16:00:33,1.0,56.0,36.0
海淀,,3.0,2,1028.0,36571.0,2024-02-02 17:00:34,1.0,74.0,41.0
海淀,,3.0,2,1028.0,39780.0,2024-02-02 18:00:34,2.0,94.0,49.0
海淀,,2.0,2,1029.0,46242.0,2024-02-02 19:00:35,4.0,94.0,51.0
海淀,,2.0,2,1029.0,144.0,2024-02-04 08:00:03,4.0,84.0,60.0
海淀,,2.0,3,1029.0,2364.0,2024-02-04 09:00:03,4.0,110.0,63.0
海淀,,2.0,3,1029.0,5189.0,2024-02-04 10:00:04,4.0,132.0,59.0
海淀,,3.0,3,1029.0,7944.0,2024-02-04 11:00:05,2.0,127.0,53.0
海淀,,3.0,3,1029.0,10995.0,2024-02-04 12:00:11,1.0,119.0,44.0
海淀,,2.0,3,1028.0,14720.0,2024-02-04 13:00:12,0.0,108.0,37.0
海淀,,2.0,3,1026.0,17491.0,2024-02-04 14:00:15,1.0,107.0,35.0
海淀,,2.0,3,1026.0,21693.0,2024-02-04 15:00:16,1.0,107.0,35.0
海淀,,2.0,3,1025.0,26398.0,2024-02-04 16:00:16,1.0,107.0,37.0
海淀,,2.0,3,1026.0,30417.0,2024-02-04 17:00:25,1.0,105.0,42.0
海淀,,2.0,3,1026.0,35813.0,2024-02-04 18:00:26,0.0,115.0,47.0
海淀,,3.0,3,1026.0,40995.0,2024-02-04 19:00:27,1.0,122.0,48.0
海淀,,2.0,3,1024.0,137.0,2024-02-05 08:00:02,4.0,103.0,60.0
海淀,,2.0,2,1025.0,4096.0,2024-02-05 09:00:03,4.0,98.0,64.0
海淀,,2.0,3,1025.0,6618.0,2024-02-05 10:00:06,1.0,102.0,46.0
海淀,,2.0,3,1025.0,9261.0,2024-02-05 11:00:10,3.0,110.0,42.0
海淀,,3.0,3,1025.0,12701.0,2024-02-05 12:00:14,4.0,113.0,33.0
海淀,,3.0,2,1024.0,16307.0,2024-02-05 13:00:14,4.0,79.0,21.0
海淀,,3.0,2,1023.0,18847.0,2024-02-05 14:00:17,4.0,62.0,26.0
海淀,,3.0,2,1023.0,20416.0,2024-02-05 15:00:18,4.0,62.0,27.0
海淀,,3.0,2,1023.0,22186.0,2024-02-05 16:00:19,4.0,74.0,31.0
海淀,,3.0,2,1023.0,26954.0,2024-02-05 17:00:21,3.0,75.0,37.0
海淀,,3.0,2,1023.0,29383.0,2024-02-05 18:00:22,2.0,75.0,43.0
海淀,,1.0,2,1024.0,30599.0,2024-02-05 19:00:23,1.0,74.0,58.0
海淀,,1.0,2,1027.0,136.0,2024-02-06 08:00:03,4.0,88.0,82.0
海淀,,3.0,2,1027.0,6001.0,2024-02-06 09:00:04,5.0,84.0,49.0
海淀,,1.0,2,1027.0,8789.0,2024-02-06 10:00:05,1.0,53.0,37.0
海淀,,1.0,1,1028.0,12390.0,2024-02-06 11:00:06,3.0,26.0,31.0
海淀,,1.0,1,1027.0,19595.0,2024-02-06 13:15:24,4.0,24.0,25.0
海淀,,1.0,1,1026.0,22376.0,2024-02-06 14:15:25,4.0,25.0,25.0
海淀,,1.0,1,1026.0,25224.0,2024-02-06 15:15:25,4.0,26.0,25.0
海淀,,1.0,1,1025.0,27937.0,2024-02-06 16:15:26,4.0,26.0,26.0
海淀,,1.0,1,1025.0,31156.0,2024-02-06 17:15:27,3.0,26.0,28.0
海淀,,1.0,1,1026.0,38109.0,2024-02-06 18:15:27,2.0,27.0,30.0
海淀,,1.0,1,1026.0,42443.0,2024-02-06 19:15:28,1.0,25.0,33.0
海淀,,1.0,1,1027.0,46735.0,2024-02-06 20:15:29,1.0,24.0,40.0
海淀,,1.0,1,1027.0,144.0,2024-02-07 08:00:03,4.0,24.0,42.0
海淀,,1.0,1,1028.0,1748.0,2024-02-07 09:00:04,2.0,26.0,41.0
海淀,,1.0,1,1028.0,3401.0,2024-02-07 10:00:05,0.0,28.0,33.0
海淀,,1.0,1,1027.0,5108.0,2024-02-07 11:00:07,3.0,28.0,27.0
海淀,,1.0,1,1027.0,8756.0,2024-02-07 12:00:15,3.0,26.0,24.0
海淀,,1.0,1,1026.0,11906.0,2024-02-07 13:00:16,4.0,26.0,21.0
海淀,,1.0,1,1024.0,13611.0,2024-02-07 14:00:17,5.0,27.0,19.0
海淀,,1.0,1,1023.0,17545.0,2024-02-07 15:00:18,6.0,27.0,17.0
海淀,,1.0,1,1022.0,21064.0,2024-02-07 16:00:20,6.0,28.0,17.0
海淀,,1.0,1,1022.0,22962.0,2024-02-07 17:00:22,6.0,28.0,18.0
海淀,,1.0,1,1022.0,25459.0,2024-02-07 18:00:23,3.0,27.0,22.0
海淀,,1.0,1,1022.0,27389.0,2024-02-07 19:00:24,0.0,30.0,32.0
海淀,,3.0,1,1022.0,161.0,2024-02-08 08:00:24,5.0,20.0,44.0
海淀,,3.0,1,1022.0,1316.0,2024-02-08 09:00:24,2.0,19.0,34.0
海淀,,3.0,1,1022.0,3264.0,2024-02-08 10:00:25,2.0,20.0,28.0
海淀,,1.0,1,1022.0,5236.0,2024-02-08 11:00:26,3.0,22.0,24.0
海淀,,1.0,1,1021.0,8501.0,2024-02-08 12:00:27,4.0,24.0,22.0
海淀,,1.0,1,1020.0,10191.0,2024-02-08 13:00:27,5.0,25.0,19.0
海淀,,1.0,1,1019.0,13600.0,2024-02-08 14:00:28,6.0,26.0,18.0
海淀,,1.0,1,1018.0,15559.0,2024-02-08 15:00:29,6.0,27.0,18.0
海淀,,1.0,1,1018.0,18641.0,2024-02-08 16:00:30,6.0,27.0,19.0
海淀,,1.0,1,1018.0,23588.0,2024-02-08 17:00:31,5.0,27.0,20.0
海淀,,1.0,1,1017.0,25321.0,2024-02-08 18:00:32,5.0,25.0,20.0
海淀,,1.0,1,1017.0,26487.0,2024-02-08 19:00:32,3.0,32.0,28.0
海淀,,1.0,2,1017.0,136.0,2024-02-09 08:00:10,5.0,59.0,60.0
海淀,,1.0,2,1017.0,4465.0,2024-02-09 09:00:11,2.0,53.0,49.0
海淀,,1.0,2,1018.0,7059.0,2024-02-09 10:00:14,1.0,57.0,41.0
海淀,,1.0,2,1018.0,10863.0,2024-02-09 11:00:15,3.0,70.0,33.0
海淀,,1.0,2,1017.0,14786.0,2024-02-09 12:00:23,6.0,78.0,29.0
海淀,,1.0,2,1017.0,18524.0,2024-02-09 13:00:24,7.0,80.0,26.0
海淀,,1.0,2,1017.0,22380.0,2024-02-09 14:00:25,8.0,82.0,23.0
海淀,,1.0,2,1015.0,25932.0,2024-02-09 15:00:25,9.0,78.0,17.0
海淀,,1.0,2,1015.0,28761.0,2024-02-09 16:00:26,8.0,67.0,18.0
海淀,,1.0,2,1015.0,33499.0,2024-02-09 17:00:28,7.0,51.0,20.0
海淀,,1.0,1,1016.0,35308.0,2024-02-09 18:00:28,6.0,49.0,20.0
海淀,,1.0,1,1017.0,39886.0,2024-02-09 19:00:29,5.0,43.0,20.0
海淀,,1.0,1,1022.0,147.0,2024-02-10 08:00:10,5.0,24.0,39.0
海淀,,1.0,1,1023.0,2093.0,2024-02-10 09:00:11,4.0,25.0,37.0
海淀,,1.0,1,1023.0,7142.0,2024-02-10 10:00:12,0.0,26.0,31.0
海淀,,1.0,1,1023.0,12082.0,2024-02-10 11:00:13,2.0,28.0,26.0
海淀,,1.0,1,1023.0,14506.0,2024-02-10 12:00:21,3.0,31.0,24.0
海淀,,1.0,1,1022.0,17330.0,2024-02-10 13:00:22,5.0,33.0,22.0
海淀,,1.0,1,1021.0,20594.0,2024-02-10 14:00:24,6.0,34.0,21.0
海淀,,1.0,1,1020.0,22889.0,2024-02-10 15:00:25,7.0,34.0,21.0
海淀,,1.0,1,1020.0,29194.0,2024-02-10 16:00:26,7.0,36.0,20.0
海淀,,1.0,1,1020.0,32778.0,2024-02-10 17:00:26,6.0,36.0,22.0
海淀,,1.0,1,1020.0,41476.0,2024-02-10 18:00:28,4.0,45.0,26.0
海淀,,1.0,2,1020.0,44433.0,2024-02-10 19:00:29,3.0,56.0,31.0
海淀,,3.0,3,1019.0,148.0,2024-02-11 08:00:20,4.0,105.0,72.0
海淀,,3.0,2,1019.0,4934.0,2024-02-11 09:00:21,2.0,97.0,72.0
海淀,,3.0,2,1020.0,9738.0,2024-02-11 10:00:21,0.0,89.0,40.0
海淀,,1.0,2,1020.0,14846.0,2024-02-11 11:00:22,3.0,95.0,28.0
海淀,,1.0,2,1019.0,16438.0,2024-02-11 12:00:25,10.0,72.0,20.0
海淀,,1.0,2,1019.0,20816.0,2024-02-11 13:00:26,10.0,59.0,19.0
海淀,,1.0,2,1018.0,26969.0,2024-02-11 14:00:28,10.0,63.0,20.0
海淀,,1.0,2,1018.0,30723.0,2024-02-11 15:00:29,11.0,68.0,18.0
海淀,,1.0,2,1017.0,43218.0,2024-02-11 16:00:30,11.0,62.0,17.0
海淀,,1.0,2,1017.0,46397.0,2024-02-11 17:00:30,9.0,55.0,22.0
海淀,,1.0,2,1017.0,50217.0,2024-02-11 18:00:31,7.0,63.0,26.0
海淀,,3.0,2,1017.0,53287.0,2024-02-11 19:00:32,3.0,70.0,38.0
海淀,,1.0,2,1015.0,138.0,2024-02-12 08:00:10,1.0,64.0,59.0
海淀,,1.0,2,1015.0,3303.0,2024-02-12 09:00:11,0.0,68.0,54.0
海淀,,1.0,2,1015.0,6823.0,2024-02-12 10:00:13,3.0,72.0,43.0
海淀,,1.0,2,1015.0,12266.0,2024-02-12 11:00:14,5.0,87.0,32.0
海淀,,1.0,2,1015.0,15026.0,2024-02-12 12:00:15,7.0,95.0,30.0
海淀,,1.0,3,1013.0,16941.0,2024-02-12 13:00:16,9.0,122.0,28.0
海淀,,1.0,3,1012.0,20098.0,2024-02-12 14:00:17,11.0,134.0,26.0
海淀,,1.0,3,1011.0,25197.0,2024-02-12 15:00:18,11.0,128.0,24.0
海淀,,1.0,3,1011.0,31739.0,2024-02-12 16:00:19,11.0,130.0,24.0
海淀,,1.0,3,1011.0,35169.0,2024-02-12 17:00:21,11.0,129.0,26.0
海淀,,1.0,3,1010.0,37312.0,2024-02-12 18:00:23,11.0,130.0,36.0
海淀,,1.0,3,1011.0,42052.0,2024-02-12 19:00:24,4.0,132.0,50.0
海淀,,1.0,3,1011.0,136.0,2024-02-13 08:00:03,2.0,115.0,75.0
海淀,,1.0,3,1011.0,3718.0,2024-02-13 09:00:03,1.0,117.0,80.0
海淀,,1.0,3,1012.0,6624.0,2024-02-13 10:00:06,0.0,122.0,50.0
海淀,,1.0,3,1012.0,12629.0,2024-02-13 11:00:07,8.0,139.0,40.0
海淀,,1.0,2,1014.0,136.0,2024-02-16 08:00:02,2.0,53.0,65.0
海淀,,1.0,2,1014.0,6390.0,2024-02-16 09:00:03,0.0,56.0,55.0
海淀,,1.0,2,1014.0,9687.0,2024-02-16 10:00:08,2.0,56.0,49.0
海淀,,1.0,2,1013.0,12469.0,2024-02-16 11:00:10,3.0,58.0,46.0
海淀,,1.0,2,1012.0,15969.0,2024-02-16 12:00:12,5.0,61.0,42.0
海淀,,1.0,2,1011.0,21876.0,2024-02-16 13:00:13,6.0,64.0,39.0
海淀,,1.0,2,1009.0,24234.0,2024-02-16 14:00:15,7.0,64.0,37.0
海淀,,1.0,2,1008.0,26088.0,2024-02-16 15:00:16,8.0,65.0,35.0
海淀,,1.0,2,1007.0,30959.0,2024-02-16 16:00:17,7.0,68.0,39.0
海淀,,1.0,2,1006.0,35033.0,2024-02-16 17:00:18,7.0,72.0,40.0
海淀,,1.0,2,1006.0,39498.0,2024-02-16 18:00:19,6.0,74.0,46.0
海淀,,1.0,2,1006.0,42667.0,2024-02-16 19:00:19,3.0,82.0,57.0
海淀,,3.0,2,1005.0,145.0,2024-02-17 08:00:03,3.0,94.0,77.0
海淀,,1.0,2,1005.0,2251.0,2024-02-17 09:00:06,3.0,94.0,72.0
海淀,,3.0,2,1006.0,5264.0,2024-02-17 10:00:07,3.0,98.0,63.0
海淀,,3.0,3,1006.0,9154.0,2024-02-17 11:00:08,6.0,107.0,55.0
海淀,,2.0,3,1003.0,145.0,2024-02-18 08:00:06,6.0,119.0,72.0
海淀,,4.0,3,1004.0,8590.0,2024-02-18 09:00:08,5.0,110.0,85.0
海淀,,4.0,3,1004.0,12025.0,2024-02-18 10:00:13,6.0,114.0,90.0
海淀,,2.0,3,1005.0,15945.0,2024-02-18 11:00:14,6.0,118.0,87.0
海淀,,2.0,3,1005.0,21686.0,2024-02-18 12:00:16,7.0,118.0,81.0
海淀,,2.0,3,1005.0,27079.0,2024-02-18 13:00:17,7.0,124.0,83.0
海淀,,2.0,3,1005.0,30502.0,2024-02-18 14:00:29,7.0,124.0,81.0
海淀,,2.0,3,1005.0,34380.0,2024-02-18 15:00:30,8.0,125.0,79.0
海淀,,2.0,3,1005.0,37004.0,2024-02-18 16:00:31,9.0,122.0,45.0
海淀,,2.0,2,1005.0,47552.0,2024-02-18 17:00:33,9.0,90.0,36.0
海淀,,3.0,1,1007.0,50821.0,2024-02-18 18:00:33,8.0,36.0,36.0
海淀,,2.0,1,1007.0,56017.0,2024-02-18 19:00:34,8.0,26.0,33.0
海淀,,3.0,2,1021.0,136.0,2024-02-19 08:00:02,1.0,51.0,22.0
海淀,,3.0,1,1022.0,6865.0,2024-02-19 09:00:03,1.0,44.0,22.0
海淀,,3.0,1,1023.0,14808.0,2024-02-19 10:00:08,1.0,41.0,21.0
海淀,,3.0,1,1024.0,18891.0,2024-02-19 11:00:10,2.0,39.0,18.0
海淀,,3.0,1,1025.0,23303.0,2024-02-19 12:00:12,3.0,37.0,17.0
海淀,,3.0,1,1025.0,30699.0,2024-02-19 13:00:13,3.0,35.0,17.0
海淀,,3.0,1,1024.0,34519.0,2024-02-19 14:00:21,3.0,35.0,16.0
海淀,,3.0,1,1023.0,40258.0,2024-02-19 15:00:21,3.0,34.0,17.0
海淀,,3.0,1,1023.0,44366.0,2024-02-19 16:00:22,3.0,34.0,17.0
海淀,,3.0,1,1023.0,48219.0,2024-02-19 17:00:24,2.0,32.0,16.0
海淀,,3.0,1,1023.0,55253.0,2024-02-19 18:00:25,2.0,32.0,16.0
海淀,,3.0,1,1024.0,60478.0,2024-02-19 19:00:26,2.0,31.0,17.0
海淀,,2.0,1,1028.0,136.0,2024-02-20 16:25:38,3.0,33.0,39.0
海淀,,2.0,1,1030.0,3256.0,2024-02-21 09:15:11,4.0,18.0,69.0
海淀,,2.0,1,1031.0,6978.0,2024-02-21 10:15:11,2.0,18.0,53.0
海淀,,2.0,1,1031.0,11921.0,2024-02-21 11:15:12,1.0,19.0,49.0
海淀,,2.0,1,1031.0,16996.0,2024-02-21 12:15:13,0.0,19.0,44.0
海淀,,2.0,1,1030.0,21436.0,2024-02-21 13:15:13,1.0,20.0,44.0
海淀,,2.0,1,1029.0,35074.0,2024-02-21 14:15:14,1.0,22.0,43.0
海淀,,2.0,1,1028.0,41369.0,2024-02-21 15:15:15,1.0,25.0,43.0
海淀,,2.0,1,1027.0,49337.0,2024-02-21 16:15:16,1.0,24.0,43.0
海淀,,2.0,1,1028.0,56575.0,2024-02-21 17:15:16,0.0,24.0,57.0
海淀,,2.0,1,1028.0,61142.0,2024-02-21 18:15:17,1.0,28.0,65.0
海淀,,2.0,1,1028.0,63885.0,2024-02-21 19:15:18,1.0,32.0,65.0
海淀,,2.0,1,1029.0,75125.0,2024-02-21 20:15:18,0.0,36.0,33.0
海淀,,3.0,1,1033.0,145.0,2024-02-22 08:00:02,4.0,20.0,30.0
海淀,,3.0,1,1034.0,2108.0,2024-02-22 09:00:04,2.0,20.0,29.0
海淀,,3.0,1,1034.0,3265.0,2024-02-22 10:00:06,1.0,20.0,26.0
海淀,,3.0,1,1035.0,5736.0,2024-02-22 11:00:08,1.0,21.0,24.0
